id,dataset_id,intent_type,question,sql_text,tags,quality_score,usage_count,last_used_at,is_active,created_by,created_at,updated_at
989,63,mom,岚屿战区今年前6个月大盘开单的月度环比增速情况,"SELECT 月份, SUM(年度开单金额) AS 本月销售, LAG(SUM(年度开单金额)) OVER (ORDER BY 月份) AS 上月销售, CASE WHEN LAG(SUM(年度开单金额)) OVER (ORDER BY 月份) > 0 THEN ROUND((SUM(年度开单金额) - LAG(SUM(年度开单金额)) OVER (ORDER BY 月份)) / LAG(SUM(年度开单金额)) OVER (ORDER BY 月份) * 100, 2) ELSE 0 END AS 环比增长 FROM public.v_feishu_tbl_gamma_v2 WHERE 节点名称 = '岚屿战区' AND 层级 = '战区' AND 行业线 = '总额(未拆分)' AND 年份 = '2026' AND 月份 BETWEEN 1 AND 6 GROUP BY 月份 ORDER BY 月份;","['环比', '战区', '趋势']",99,0,,True,ui,2026-06-26 07:37:03.976592+00:00,2026-06-26 07:37:03.976592+00:00
996,63,filter,达成率低于30%的片区有哪些,"SELECT 节点名称 AS 片区, SUM(总任务金额) AS 任务额, SUM(年度开单金额) AS 开单额, CASE WHEN SUM(总任务金额) > 0 THEN ROUND(SUM(年度开单金额) / SUM(总任务金额) * 100, 2) ELSE 0 END AS 累计达成率 FROM public.v_feishu_tbl_gamma_v2 WHERE 年份 = '2026' AND 层级 = '片区' AND 行业线 = '总额(未拆分)' GROUP BY 节点名称 HAVING CASE WHEN SUM(总任务金额) > 0 THEN SUM(年度开单金额) / SUM(总任务金额) ELSE 0 END < 0.30 ORDER BY 累计达成率 ASC;","['筛选', '片区']",98,0,,True,ui,2026-06-26 07:37:03.976592+00:00,2026-06-26 07:37:03.976592+00:00
2392,62,comparison,内贸行业部和直营行业部的年度目标营收和毛利率对比,"SELECT 行业部, 年度目标营收, 年度开单金额, ROUND(总任务达成率 * 100, 2) AS 毛利率百分比 FROM v_feishu_tbl_beta WHERE 层级级别 = '行业部' AND 行业部 IN ('内贸行业部', '直营行业部') ORDER BY 年度目标营收 DESC;",[],95,0,,True,ui,2026-07-02 02:54:33.797427+00:00,2026-07-02 02:54:33.797427+00:00
2391,62,ranking,所有细分业务按年度开单金额排名,"SELECT 行业部, 细分业务, 年度开单金额, ROUND(总任务达成率 * 100, 2) AS 达成率百分比 FROM v_feishu_tbl_beta WHERE 层级级别 = '客户经理' ORDER BY 年度开单金额 DESC;",[],95,0,,True,ui,2026-07-02 02:54:33.797427+00:00,2026-07-02 02:54:33.797427+00:00
1668,3,detail,分析下衡原片区的业绩,"WITH 汇总结果 AS (
WITH raw_data AS (
  SELECT TRIM(COALESCE(CASE WHEN jsonb_typeof(fields->'战区') = 'array' THEN fields->'战区'->0->>'text' ELSE fields->>'战区' END,
        '')) AS 战区,
    TRIM(COALESCE(CASE WHEN jsonb_typeof(fields->'片区') = 'array' THEN fields->'片区'->0->>'text' ELSE fields->>'片区' END,
        '')) AS 片区,
    TRIM(COALESCE(CASE WHEN jsonb_typeof(fields->'客户经理') = 'array' THEN fields->'客户经理'->0->>'text' ELSE fields->>'客户经理' END,
        '')) AS 客户经理,
    '' AS 行业部,
    SUM(COALESCE(NULLIF(regexp_replace(COALESCE(CASE WHEN jsonb_typeof(fields->'总任务（金额）') = 'array' THEN fields->'总任务（金额）'->0->>'text' ELSE fields->>'总任务（金额）' END,
              '0'),
            '[^0-9.-]',
            '',
            'g'),
          ''),
        '0')::NUMERIC) AS 总任务金额,
    SUM(COALESCE(NULLIF(regexp_replace(COALESCE(CASE WHEN jsonb_typeof(fields->'年度开单金额') = 'array' THEN fields->'年度开单金额'->0->>'text' ELSE fields->>'年度开单金额' END,
              '0'),
            '[^0-9.-]',
            '',
            'g'),
          ''),
        '0')::NUMERIC) AS 年度开单金额
  FROM datapivot_core_data
  WHERE COALESCE(NULLIF(TRIM(CASE WHEN jsonb_typeof(fields->'当前年') = 'array' THEN fields->'当前年'->0->>'text' ELSE fields->>'当前年' END),
        ''),
      '2026') = '2026'
  GROUP BY 1,
    2,
    3,
    4 ),
  flattened_tree AS (
  SELECT CASE WHEN 客户经理 <> '' THEN '客户经理' WHEN 片区 <> '' THEN '片区' WHEN 战区 <> ''
    AND 战区 LIKE '%行业部' THEN '行业部' WHEN 行业部 <> '' THEN '行业部' WHEN 战区 <> '' THEN '战区' ELSE '事业群' END AS 层级,
    CASE WHEN 客户经理 <> '' THEN COALESCE(NULLIF(片区,
        ''),
      NULLIF(行业部,
        ''),
      NULLIF(战区,
        ''),
      '商用事业群') WHEN 片区 <> '' THEN NULLIF(战区,
      '') WHEN 战区 <> ''
    OR 行业部 <> '' THEN '商用事业群' ELSE NULL END AS 上级名称,
    CASE WHEN 客户经理 <> '' THEN 客户经理 WHEN 片区 <> '' THEN 片区 WHEN 战区 <> '' THEN 战区 WHEN 行业部 <> '' THEN 行业部 ELSE '商用事业群' END AS 节点名称,
    CASE WHEN COALESCE(NULLIF(战区,
        ''),
      NULLIF(行业部,
      '')) LIKE '%行业部' THEN '行业线' WHEN COALESCE(NULLIF(战区,
        ''),
      NULLIF(行业部,
        '')) LIKE '%战区' THEN '区域线' ELSE '事业群层级' END AS 线,
    总任务金额,
    年度开单金额
  FROM raw_data ),
  summarized_nodes AS (
  SELECT 线,
    层级,
    上级名称,
    节点名称,
    SUM(总任务金额) AS 总任务金额,
    SUM(年度开单金额) AS 年度开单金额
  FROM flattened_tree
  WHERE 节点名称 <> ''
  GROUP BY 线,
    层级,
    上级名称,
    节点名称 )
SELECT 线,
  层级,
  节点名称,
  上级名称,
  总任务金额,
  年度开单金额,
  CASE WHEN 总任务金额 = 0 THEN 0 ELSE ROUND((年度开单金额 / 总任务金额) * 100,
    2) END AS 达成率,
  ROUND(总任务金额 - 年度开单金额,
    2) AS 剩余任务金额
FROM summarized_nodes ),
命中节点 AS (
SELECT 节点名称
FROM 汇总结果
WHERE 节点名称 LIKE '%片区%'
   OR 上级名称 LIKE '%片区%'
),
命中孙级 AS (
SELECT 子节点.节点名称
FROM 汇总结果 子节点
WHERE 子节点.上级名称 IN (
  SELECT 节点名称
  FROM 命中节点)
)
SELECT *
FROM 汇总结果
WHERE 节点名称 LIKE '%片区%'
   OR 上级名称 LIKE '%片区%'
   OR 节点名称 IN (SELECT 节点名称 FROM 命中孙级)
ORDER BY 线 DESC,
层级 DESC,
上级名称,
节点名称
LIMIT 10000",[],89,0,,True,ui,2026-06-27 12:03:29.129775+00:00,2026-06-27 12:03:29.129775+00:00
986,63,mom,泠州片区今年前六个月大盘开单的环比增速轨迹,"SELECT 月份, SUM(年度开单金额) AS 当月销售, LAG(SUM(年度开单金额)) OVER (ORDER BY 月份) AS 上月销售, CASE WHEN LAG(SUM(年度开单金额)) OVER (ORDER BY 月份) > 0 THEN ROUND((SUM(年度开单金额) - LAG(SUM(年度开单金额)) OVER (ORDER BY 月份)) / LAG(SUM(年度开单金额)) OVER (ORDER BY 月份) * 100, 2) ELSE 0 END AS 环比增长 FROM public.v_feishu_tbl_gamma_v2 WHERE 节点名称 = '泠州片区' AND 层级 = '片区' AND 行业线 = '总额(未拆分)' AND 年份 = '2026' AND 月份 BETWEEN 1 AND 6 GROUP BY 月份 ORDER BY 月份;","['环比', '片区', '月度趋势']",99,0,,True,ui,2026-06-26 07:37:03.976592+00:00,2026-06-26 07:37:03.976592+00:00
995,63,audit,珩京片区的官方大盘指标和派下去的客户经理指标总和有没有未分派指标,"WITH office_budget AS (SELECT SUM(总任务金额) AS o_target FROM public.v_feishu_tbl_gamma_v2 WHERE 节点名称 = '珩京片区' AND 层级 = '片区' AND 行业线 = '总额(未拆分)' AND 年份 = '2026'), reps_budget AS (SELECT SUM(总任务金额) AS r_target FROM public.v_feishu_tbl_gamma_v2 WHERE 上级名称 = '珩京片区' AND 层级 = '客户经理' AND 行业线 = '总额(未拆分)' AND 年份 = '2026') SELECT o_target AS 片区总预算, r_target AS 下属分发总预算, (o_target - r_target) AS 未分配预留额度 FROM office_budget, reps_budget;","['对账', '片区', '合规分析']",98,0,,True,ui,2026-06-26 07:37:03.976592+00:00,2026-06-26 07:37:03.976592+00:00
997,63,ratio,云栖片区一季度办公板块开单占云梦整体开单的比例是多少,"SELECT SUM(CASE WHEN 行业线 = '楼宇办公' THEN 年度开单金额 ELSE 0 END) AS 办公板块开单, SUM(CASE WHEN 行业线 = '总额(未拆分)' THEN 年度开单金额 ELSE 0 END) AS 大盘总开单, CASE WHEN SUM(CASE WHEN 行业线 = '总额(未拆分)' THEN 年度开单金额 ELSE 0 END) > 0 THEN ROUND(SUM(CASE WHEN 行业线 = '楼宇办公' THEN 年度开单金额 ELSE 0 END) / SUM(CASE WHEN 行业线 = '总额(未拆分)' THEN 年度开单金额 ELSE 0 END) * 100, 2) ELSE 0 END AS 办公占比 FROM public.v_feishu_tbl_gamma_v2 WHERE 节点名称 = '云栖片区' AND 层级 = '片区' AND 年份 = '2026' AND 月份 BETWEEN 1 AND 3;","['占比', '行业线', '一季度']",98,0,,True,ui,2026-06-26 07:37:03.976592+00:00,2026-06-26 07:37:03.976592+00:00
998,63,yoy,5月医疗板块和去年同期比增幅怎么样,"SELECT SUM(年度开单金额) AS 今年五月医疗开单, SUM(去年同期开单) AS 去年五月医疗开单, CASE WHEN SUM(去年同期开单) > 0 THEN ROUND((SUM(年度开单金额) - SUM(去年同期开单)) / SUM(去年同期开单) * 100, 2) ELSE 0 END AS 同比增速 FROM public.v_feishu_tbl_gamma_v2 WHERE 节点名称 = '商用事业群' AND 层级 = '事业群' AND 行业线 = '工业健康' AND 年份 = '2026' AND 月份 = 5;","['同比', '行业线', '五月']",97,0,,True,ui,2026-06-26 07:37:03.976592+00:00,2026-06-26 07:37:03.976592+00:00
999,63,yoy,朔岑战区今年上半年的官方总开单和去年同期比增幅是多少,"SELECT SUM(年度开单金额) AS 今年上半年销售, SUM(去年同期开单) AS 去年同期销售, CASE WHEN SUM(去年同期开单) > 0 THEN ROUND((SUM(年度开单金额) - SUM(去年同期开单)) / SUM(去年同期开单) * 100, 2) ELSE 0 END AS 同比增速 FROM public.v_feishu_tbl_gamma_v2 WHERE 节点名称 = '朔岑战区' AND 层级 = '战区' AND 行业线 = '总额(未拆分)' AND 年份 = '2026' AND 月份 BETWEEN 1 AND 6;","['同比', '战区', '上半年']",97,0,,True,ui,2026-06-26 07:37:03.976592+00:00,2026-06-26 07:37:03.976592+00:00
1002,63,segment,食饮行业部今年食饮板块的指标和实际达成怎样,"SELECT SUM(总任务金额) AS 食饮线任务, SUM(年度开单金额) AS 食饮线销售, CASE WHEN SUM(总任务金额) > 0 THEN ROUND(SUM(年度开单金额) / SUM(总任务金额) * 100, 2) ELSE 0 END AS 达成率 FROM public.v_feishu_tbl_gamma_v2 WHERE 节点名称 = '食饮行业部' AND 层级 = '战区' AND 行业线 = '食饮部' AND 年份 = '2026';","['行业线', '战区', '业绩分析']",96,0,,True,ui,2026-06-26 07:37:03.976592+00:00,2026-06-26 07:37:03.976592+00:00
1003,63,ranking,2026年各区域战区大盘年度开单金额排名,"SELECT 节点名称 AS 战区, SUM(年度开单金额) AS 累计开单 FROM public.v_feishu_tbl_gamma_v2 WHERE 年份 = '2026' AND 层级 = '战区' AND 线 = '区域线' AND 行业线 = '总额(未拆分)' GROUP BY 节点名称 ORDER BY 累计开单 DESC;","['排名', '战区', '官方值']",96,0,,True,ui,2026-06-26 07:37:03.976592+00:00,2026-06-26 07:37:03.976592+00:00
1004,63,drilldown,澔原战区下属片区一季度的完成情况,"SELECT 节点名称 AS 片区, SUM(总任务金额) AS 一季度任务, SUM(年度开单金额) AS 一季度开单 FROM public.v_feishu_tbl_gamma_v2 WHERE 上级名称 = '澔原战区' AND 层级 = '片区' AND 行业线 = '总额(未拆分)' AND 年份 = '2026' AND 月份 IN (1, 2, 3) GROUP BY 节点名称;","['下钻', '片区', '一季度']",96,0,,True,ui,2026-06-26 07:37:03.976592+00:00,2026-06-26 07:37:03.976592+00:00
1005,63,detail,商用事业群2026年整体完成情况,"SELECT SUM(总任务金额) AS 全年总指标, SUM(年度开单金额) AS 全年总开单, CASE WHEN SUM(总任务金额) > 0 THEN ROUND(SUM(年度开单金额) / SUM(总任务金额) * 100, 2) ELSE 0 END AS 整体达成率 FROM public.v_feishu_tbl_gamma_v2 WHERE 年份 = '2026' AND 行业线 = '总额(未拆分)' AND 层级 = '事业群';","['总览', '事业群']",95,0,,True,ui,2026-06-26 07:37:03.976592+00:00,2026-06-26 07:37:03.976592+00:00
1006,13,detail,线下业务完成最好的战区是哪个？,"WITH
-- 1. 精准找出：线下业务达成率最高的【战区】
find_best_branch AS (
    SELECT 
        fields ->> '战区' AS best_branch_name
    FROM public.feishu_tbl_alpha
    -- 只计算【战区】本身的业绩（排除下级干扰）
    WHERE COALESCE(fields ->> '城市战区', '') = ''
      AND COALESCE(fields ->> '战区', '') <> ''
    ORDER BY 
        -- 按线下达成率降序（核心排名）
        CASE WHEN COALESCE((fields->>'线下')::NUMERIC,0)=0 THEN 0 
             ELSE (fields->>'线下-年度开单金额')::NUMERIC/(fields->>'线下')::NUMERIC*100 END DESC,
        -- 达成率相同按实际金额降序
        COALESCE((fields->>'线下-年度开单金额')::NUMERIC,0) DESC
    LIMIT 1
)
-- 2. 展示：最优战区 + 它的【所有下级城市战区】（全部显示）
SELECT
    -- 层级判断
    CASE WHEN COALESCE(fields->>'城市战区','')='' THEN '战区' ELSE '城市战区' END AS 层级,
    -- 节点名称
    CASE WHEN COALESCE(fields->>'城市战区','')='' THEN fields->>'战区' ELSE fields->>'城市战区' END AS 节点名称,
    -- 仅线下核心字段
    ROUND(COALESCE((fields->>'线下')::NUMERIC,0)/10000,2) AS 线下任务_万元,
    ROUND(COALESCE((fields->>'线下-年度开单金额')::NUMERIC,0)/10000,2) AS 线下实际_万元,
    -- 线下达成率
    ROUND(CASE WHEN COALESCE((fields->>'线下')::NUMERIC,0)=0 THEN 0 
         ELSE (fields->>'线下-年度开单金额')::NUMERIC/(fields->>'线下')::NUMERIC*100 END,2) || '%' AS 线下达成率
FROM public.feishu_tbl_alpha
-- 关键：匹配最优战区的【自身+全部下级】
WHERE fields->>'战区' = (SELECT best_branch_name FROM find_best_branch)
-- 排序：战区在上，下级城市战区在下
ORDER BY 
    CASE WHEN COALESCE(fields->>'城市战区','')='' THEN 1 ELSE 2 END,
    线下达成率 DESC;",[],99,0,,True,ui,2026-06-26 07:37:11.907836+00:00,2026-06-26 07:37:11.907836+00:00
1000,63,filter,食饮行业部今年有哪些活跃业务员（开过单的）,"SELECT 节点名称 AS 客户经理, SUM(年度开单金额) AS 累计开单 FROM public.v_feishu_tbl_gamma_v2 WHERE 上级名称 = '食饮行业部' AND 层级 = '客户经理' AND 行业线 = '食饮部' AND 年份 = '2026' GROUP BY 节点名称 HAVING SUM(年度开单金额) > 0 ORDER BY 累计开单 DESC;","['筛选', '客户经理', '活跃度']",97,0,,True,ui,2026-06-26 07:37:03.976592+00:00,2026-06-26 07:37:03.976592+00:00
1007,13,single_entity,找出消费者事业群达成率最高、最低的两家战区，对比二者任务体量、实际开单、缺口差距,"-- 消费者事业群：达成率最高/最低战区对比
WITH valid_branch AS (
    -- 第一步：筛选【有有效达成率】的战区（排除无任务、达成率为空的数据）
    SELECT
        节点名称 AS 战区名称,
        总任务_万元,
        总实际_万元,
        总达成率,
        (总任务_万元 - 总实际_万元) AS 任务缺口_万元, -- 计算剩余缺口
        层级
    FROM (
        SELECT
            CASE
                WHEN fields ->> '战区' IS NULL OR fields ->> '战区' = '' THEN '消费者事业群总体'
                WHEN fields ->> '城市站' IS NULL OR fields ->> '城市站' = '' THEN '战区'
                ELSE '城市站'
            END AS 层级,
            CASE
                WHEN fields ->> '战区' IS NULL OR fields ->> '战区' = '' THEN '消费者事业群'
                WHEN fields ->> '城市站' IS NULL OR fields ->> '城市站' = '' THEN fields ->> '战区'
                ELSE fields ->> '城市站'
            END AS 节点名称,
            ROUND(COALESCE((fields ->> '总任务（金额）')::NUMERIC, 0) / 10000, 2) AS 总任务_万元,
            ROUND(COALESCE((fields ->> '年度开单金额')::NUMERIC, 0) / 10000, 2) AS 总实际_万元,
            fields ->> '总任务达成率' AS 总达成率
        FROM public.feishu_tbl_alpha
    ) t
    WHERE 层级 = '战区' 
      AND 总达成率 IS NOT NULL -- 只统计有任务、有达成率的有效战区
),
-- 最高达成率战区
top_1 AS (SELECT * FROM valid_branch ORDER BY 总达成率 DESC LIMIT 1),
-- 最低达成率战区
bottom_1 AS (SELECT * FROM valid_branch ORDER BY 总达成率 ASC LIMIT 1)

-- 合并结果输出对比
SELECT '达成率最高' AS 排名类型, * FROM top_1
UNION ALL
SELECT '达成率最低' AS 排名类型, * FROM bottom_1;","['单体分析', '战区']",95,0,,True,ui,2026-06-26 07:37:11.907836+00:00,2026-06-26 07:37:11.907836+00:00
1665,3,single_entity,商用事业群中的澔原战区业绩怎么样,"WITH RECURSIVE 汇总结果 AS (
WITH 字段提取 AS (
    SELECT
        CASE WHEN jsonb_typeof(fields->'战区') = 'array' THEN fields->'战区'->0->>'text' ELSE fields->>'战区' END AS 战区,
        CASE WHEN jsonb_typeof(fields->'片区') = 'array' THEN fields->'片区'->0->>'text' ELSE fields->>'片区' END AS 片区,
        CASE WHEN jsonb_typeof(fields->'客户经理') = 'array' THEN fields->'客户经理'->0->>'text' ELSE fields->>'客户经理' END AS 客户经理,
        CASE WHEN jsonb_typeof(fields->'总任务（金额）') = 'array' THEN fields->'总任务（金额）'->0->>'text' ELSE fields->>'总任务（金额）' END AS 任务原始,
        CASE WHEN jsonb_typeof(fields->'年度开单金额') = 'array' THEN fields->'年度开单金额'->0->>'text' ELSE fields->>'年度开单金额' END AS 开单原始,
        CASE WHEN jsonb_typeof(fields->'当前年') = 'array' THEN fields->'当前年'->0->>'text' ELSE fields->>'当前年' END AS 当前年
    FROM datapivot_core_data
),
基础数据 AS (
    SELECT
        战区, 片区, 客户经理,
        COALESCE(NULLIF(regexp_replace(任务原始, '[^0-9.-]', '', 'g'), ''), '0')::NUMERIC AS 任务金额,
        COALESCE(NULLIF(regexp_replace(开单原始, '[^0-9.-]', '', 'g'), ''), '0')::NUMERIC AS 开单金额,
        CASE WHEN 战区 LIKE '%战区' THEN '区域线' WHEN 战区 LIKE '%行业部' THEN '行业线' ELSE '事业群层级' END AS 线类型
    FROM 字段提取
    WHERE COALESCE(NULLIF(当前年, ''), '2026') = '2026'
),
维度汇总 AS (
    SELECT '区域线' AS 线, 战区 AS 上级名称, 片区 AS 节点名称, '片区' AS 层级, 任务金额, 开单金额
    FROM 基础数据 WHERE 线类型='区域线' AND 片区<>'' AND (客户经理 IS NULL OR 客户经理='')
    UNION ALL
    SELECT '区域线','商用事业群',战区,'战区',任务金额,开单金额
    FROM 基础数据 WHERE 线类型='区域线' AND (片区 IS NULL OR 片区='') AND (客户经理 IS NULL OR 客户经理='')
    UNION ALL
    SELECT '区域线',片区,客户经理,'客户经理',任务金额,开单金额
    FROM 基础数据 WHERE 线类型='区域线' AND 片区<>'' AND 客户经理<>''
    UNION ALL
    SELECT '行业线',战区,客户经理,'客户经理',任务金额,开单金额
    FROM 基础数据 WHERE 线类型='行业线' AND 客户经理<>''
    UNION ALL
    SELECT '行业线','商用事业群',战区,'行业部',任务金额,开单金额
    FROM 基础数据 WHERE 线类型='行业线' AND (客户经理 IS NULL OR 客户经理='')
)
SELECT 线, 层级, 节点名称, 上级名称,
       SUM(任务金额) AS 总任务金额,
       SUM(开单金额) AS 年度开单金额,
       CASE WHEN SUM(任务金额)>0 THEN ROUND(SUM(开单金额)/SUM(任务金额)*100, 2) ELSE 0 END AS 达成率,
       ROUND(SUM(任务金额)-SUM(开单金额), 2) AS 剩余任务金额
FROM 维度汇总
GROUP BY 线, 层级, 节点名称, 上级名称
),
命中链路 AS (
    SELECT *
    FROM 汇总结果
    WHERE 节点名称 = '澔原战区'
    UNION ALL
    SELECT 子节点.*
    FROM 汇总结果 子节点
    JOIN 命中链路 父节点
      ON 子节点.上级名称 = 父节点.节点名称
)
SELECT *
FROM 命中链路
ORDER BY 线 DESC,
  CASE 层级
    WHEN '战区' THEN 1
    WHEN '片区' THEN 2
    WHEN '客户经理' THEN 3
    WHEN '行业部' THEN 1
    ELSE 9
  END,
  上级名称,
  节点名称
LIMIT 10000;","['战区', '澔原', '下钻', '客户经理']",98,0,,True,ui,2026-06-27 12:03:29.129775+00:00,2026-06-27 12:03:29.129775+00:00
2393,62,filter,月度利润为正的业务有哪些,"SELECT 行业部, 细分业务, 月度阈值开单差额万 FROM v_feishu_tbl_beta WHERE 层级级别 = '客户经理' AND 月度阈值开单差额万 > 0 ORDER BY 月度阈值开单差额万 DESC;",[],90,0,,True,ui,2026-07-02 02:54:33.797427+00:00,2026-07-02 02:54:33.797427+00:00
1666,3,ranking_template,商用四个战区的业绩情况怎么样/四大战区区域业绩整体盘点,"WITH 汇总结果 AS (
WITH raw_data AS (
  SELECT TRIM(COALESCE(CASE WHEN jsonb_typeof(fields->'战区') = 'array' THEN fields->'战区'->0->>'text' ELSE fields->>'战区' END,
        '')) AS 战区,
    TRIM(COALESCE(CASE WHEN jsonb_typeof(fields->'片区') = 'array' THEN fields->'片区'->0->>'text' ELSE fields->>'片区' END,
        '')) AS 片区,
    TRIM(COALESCE(CASE WHEN jsonb_typeof(fields->'客户经理') = 'array' THEN fields->'客户经理'->0->>'text' ELSE fields->>'客户经理' END,
        '')) AS 客户经理,
    '' AS 行业部,
    SUM(COALESCE(NULLIF(regexp_replace(COALESCE(CASE WHEN jsonb_typeof(fields->'总任务（金额）') = 'array' THEN fields->'总任务（金额）'->0->>'text' ELSE fields->>'总任务（金额）' END,
              '0'),
            '[^0-9.-]',
            '',
            'g'),
          ''),
        '0')::NUMERIC) AS 总任务金额,
    SUM(COALESCE(NULLIF(regexp_replace(COALESCE(CASE WHEN jsonb_typeof(fields->'年度开单金额') = 'array' THEN fields->'年度开单金额'->0->>'text' ELSE fields->>'年度开单金额' END,
              '0'),
            '[^0-9.-]',
            '',
            'g'),
          ''),
        '0')::NUMERIC) AS 年度开单金额
  FROM datapivot_core_data
  WHERE COALESCE(NULLIF(TRIM(CASE WHEN jsonb_typeof(fields->'当前年') = 'array' THEN fields->'当前年'->0->>'text' ELSE fields->>'当前年' END),
        ''),
      '2026') = '2026'
  GROUP BY 1,
    2,
    3,
    4 ),
  flattened_tree AS (
  SELECT CASE WHEN 客户经理 <> '' THEN '客户经理' WHEN 片区 <> '' THEN '片区' WHEN 战区 <> ''
    AND 战区 LIKE '%行业部' THEN '行业部' WHEN 行业部 <> '' THEN '行业部' WHEN 战区 <> '' THEN '战区' ELSE '事业群' END AS 层级,
    CASE WHEN 客户经理 <> '' THEN COALESCE(NULLIF(片区,
        ''),
      NULLIF(行业部,
        ''),
      NULLIF(战区,
        ''),
      '商用事业群') WHEN 片区 <> '' THEN NULLIF(战区,
      '') WHEN 战区 <> ''
    OR 行业部 <> '' THEN '商用事业群' ELSE NULL END AS 上级名称,
    CASE WHEN 客户经理 <> '' THEN 客户经理 WHEN 片区 <> '' THEN 片区 WHEN 战区 <> '' THEN 战区 WHEN 行业部 <> '' THEN 行业部 ELSE '商用事业群' END AS 节点名称,
    CASE WHEN COALESCE(NULLIF(战区,
        ''),
      NULLIF(行业部,
      '')) LIKE '%行业部' THEN '行业线' WHEN COALESCE(NULLIF(战区,
        ''),
      NULLIF(行业部,
        '')) LIKE '%战区' THEN '区域线' ELSE '事业群层级' END AS 线,
    总任务金额,
    年度开单金额
  FROM raw_data ),
  summarized_nodes AS (
  SELECT 线,
    层级,
    上级名称,
    节点名称,
    SUM(总任务金额) AS 总任务金额,
    SUM(年度开单金额) AS 年度开单金额
  FROM flattened_tree
  WHERE 节点名称 <> ''
  GROUP BY 线,
    层级,
    上级名称,
    节点名称 )
SELECT 线,
  层级,
  节点名称,
  上级名称,
  总任务金额,
  年度开单金额,
  CASE WHEN 总任务金额 = 0 THEN 0 ELSE ROUND((年度开单金额 / 总任务金额) * 100,
    2) END AS 达成率,
  ROUND(总任务金额 - 年度开单金额,
    2) AS 剩余任务金额
FROM summarized_nodes ),
命中节点 AS (
SELECT 节点名称
FROM 汇总结果
WHERE 节点名称 LIKE '%战区%'
   OR 上级名称 LIKE '%战区%'
),
命中孙级 AS (
SELECT 子节点.节点名称
FROM 汇总结果 子节点
WHERE 子节点.上级名称 IN (
  SELECT 节点名称
  FROM 命中节点)
)
SELECT *
FROM 汇总结果
WHERE 节点名称 LIKE '%战区%'
   OR 上级名称 LIKE '%战区%'
   OR 节点名称 IN (SELECT 节点名称 FROM 命中孙级)
ORDER BY 线 DESC,
层级 DESC,
上级名称,
节点名称
LIMIT 10000","['phase1', 'ranking_template', 'representative_office']",96,0,,True,ui,2026-06-27 12:03:29.129775+00:00,2026-06-27 12:03:29.129775+00:00
1667,3,summary,商用事业群整体达成率是多少,"WITH 汇总结果 AS (
WITH raw_data AS (
  SELECT TRIM(COALESCE(CASE WHEN jsonb_typeof(fields->'战区') = 'array' THEN fields->'战区'->0->>'text' ELSE fields->>'战区' END,
        '')) AS 战区,
    TRIM(COALESCE(CASE WHEN jsonb_typeof(fields->'片区') = 'array' THEN fields->'片区'->0->>'text' ELSE fields->>'片区' END,
        '')) AS 片区,
    TRIM(COALESCE(CASE WHEN jsonb_typeof(fields->'客户经理') = 'array' THEN fields->'客户经理'->0->>'text' ELSE fields->>'客户经理' END,
        '')) AS 客户经理,
    '' AS 行业部,
    SUM(COALESCE(NULLIF(regexp_replace(COALESCE(CASE WHEN jsonb_typeof(fields->'总任务（金额）') = 'array' THEN fields->'总任务（金额）'->0->>'text' ELSE fields->>'总任务（金额）' END,
              '0'),
            '[^0-9.-]',
            '',
            'g'),
          ''),
        '0')::NUMERIC) AS 总任务金额,
    SUM(COALESCE(NULLIF(regexp_replace(COALESCE(CASE WHEN jsonb_typeof(fields->'年度开单金额') = 'array' THEN fields->'年度开单金额'->0->>'text' ELSE fields->>'年度开单金额' END,
              '0'),
            '[^0-9.-]',
            '',
            'g'),
          ''),
        '0')::NUMERIC) AS 年度开单金额
  FROM datapivot_core_data
  WHERE COALESCE(NULLIF(TRIM(CASE WHEN jsonb_typeof(fields->'当前年') = 'array' THEN fields->'当前年'->0->>'text' ELSE fields->>'当前年' END),
        ''),
      '2026') = '2026'
  GROUP BY 1,
    2,
    3,
    4 ),
  flattened_tree AS (
  SELECT CASE WHEN 客户经理 <> '' THEN '客户经理' WHEN 片区 <> '' THEN '片区' WHEN 战区 <> ''
    AND 战区 LIKE '%行业部' THEN '行业部' WHEN 行业部 <> '' THEN '行业部' WHEN 战区 <> '' THEN '战区' ELSE '事业群' END AS 层级,
    CASE WHEN 客户经理 <> '' THEN COALESCE(NULLIF(片区,
        ''),
      NULLIF(行业部,
        ''),
      NULLIF(战区,
        ''),
      '商用事业群') WHEN 片区 <> '' THEN NULLIF(战区,
      '') WHEN 战区 <> ''
    OR 行业部 <> '' THEN '商用事业群' ELSE NULL END AS 上级名称,
    CASE WHEN 客户经理 <> '' THEN 客户经理 WHEN 片区 <> '' THEN 片区 WHEN 战区 <> '' THEN 战区 WHEN 行业部 <> '' THEN 行业部 ELSE '商用事业群' END AS 节点名称,
    CASE WHEN COALESCE(NULLIF(战区,
        ''),
      NULLIF(行业部,
        '')) LIKE '%行业部' THEN '行业线' WHEN COALESCE(NULLIF(战区,
        ''),
      NULLIF(行业部,
        '')) LIKE '%战区' THEN '区域线' ELSE '事业群层级' END AS 线,
    总任务金额,
    年度开单金额
  FROM raw_data ),
  summarized_nodes AS (
  SELECT 线,
    层级,
    上级名称,
    节点名称,
    SUM(总任务金额) AS 总任务金额,
    SUM(年度开单金额) AS 年度开单金额
  FROM flattened_tree
  WHERE 节点名称 <> ''
  GROUP BY 线,
    层级,
    上级名称,
    节点名称 )
SELECT 线,
  层级,
  节点名称,
  上级名称,
  总任务金额,
  年度开单金额,
  CASE WHEN 总任务金额 = 0 THEN 0 ELSE ROUND((年度开单金额 / 总任务金额) * 100,
    2) END AS 达成率,
  ROUND(总任务金额 - 年度开单金额,
    2) AS 剩余任务金额
FROM summarized_nodes ),
命中节点 AS (
SELECT 节点名称
FROM 汇总结果
WHERE 节点名称 IN ('商用事业群')
  OR 上级名称 IN ('商用事业群') ),
命中孙级 AS (
SELECT 子节点.节点名称
FROM 汇总结果 子节点
WHERE 子节点.上级名称 IN (
  SELECT 节点名称
  FROM 命中节点) )
SELECT *
FROM 汇总结果
WHERE 节点名称 IN ('商用事业群')
  OR 上级名称 IN ('商用事业群')
  OR 节点名称 IN (
SELECT 节点名称
FROM 命中孙级)
ORDER BY 线 DESC,
层级 DESC,
上级名称,
节点名称
LIMIT 10000","['phase1', 'summary', 'verified_candidate']",92,0,,True,ui,2026-06-27 12:03:29.129775+00:00,2026-06-27 12:03:29.129775+00:00
2628,2,risk,哪个战区低于30%？,"WITH 源数据 AS (
  SELECT
    fields,
    COALESCE(NULLIF(regexp_replace(fields ->> '总任务（金额）', '[^0-9.-]', '', 'g'), ''), '0')::NUMERIC AS 总任务原值,
    COALESCE(NULLIF(regexp_replace(fields ->> '年度开单金额', '[^0-9.-]', '', 'g'), ''), '0')::NUMERIC AS 年度开单原值,
    COALESCE(NULLIF(regexp_replace(fields ->> '线下', '[^0-9.-]', '', 'g'), ''), '0')::NUMERIC AS 线下任务原值,
    COALESCE(NULLIF(regexp_replace(fields ->> '线下-年度开单金额', '[^0-9.-]', '', 'g'), ''), '0')::NUMERIC AS 线下实际原值,
    COALESCE(NULLIF(regexp_replace(fields ->> '新零售', '[^0-9.-]', '', 'g'), ''), '0')::NUMERIC AS 新零售任务原值,
    COALESCE(NULLIF(regexp_replace(fields ->> '新零售-年度开单金额', '[^0-9.-]', '', 'g'), ''), '0')::NUMERIC AS 新零售实际原值,
    COALESCE(NULLIF(regexp_replace(fields ->> '燃气定制', '[^0-9.-]', '', 'g'), ''), '0')::NUMERIC AS 燃气定制任务原值,
    COALESCE(NULLIF(regexp_replace(fields ->> '燃气定制-年度开单金额', '[^0-9.-]', '', 'g'), ''), '0')::NUMERIC AS 燃气定制实际原值,
    COALESCE(NULLIF(regexp_replace(fields ->> '地产', '[^0-9.-]', '', 'g'), ''), '0')::NUMERIC AS 地产任务原值,
    COALESCE(NULLIF(regexp_replace(fields ->> '地产-年度开单金额', '[^0-9.-]', '', 'g'), ''), '0')::NUMERIC AS 地产实际原值,
    COALESCE(NULLIF(regexp_replace(fields ->> '总任务达成率', '[^0-9.-]', '', 'g'), ''), '0')::NUMERIC AS 达成率原值
  FROM public.feishu_tbl_alpha
),
标准结果 AS (
  SELECT
    '消费者事业群' AS 线,
    CASE
      WHEN NULLIF(fields ->> '战区', '') IS NULL THEN '消费者事业群总体'
      WHEN NULLIF(fields ->> '城市战区', '') IS NULL THEN '战区'
      ELSE '城市战区'
    END AS 层级,
    CASE
      WHEN NULLIF(fields ->> '战区', '') IS NULL THEN '消费者事业群'
      WHEN NULLIF(fields ->> '城市战区', '') IS NULL THEN fields ->> '战区'
      ELSE fields ->> '城市战区'
    END AS 节点名称,
    CASE
      WHEN NULLIF(fields ->> '战区', '') IS NULL THEN NULL
      WHEN NULLIF(fields ->> '城市战区', '') IS NULL THEN '消费者事业群'
      ELSE fields ->> '战区'
    END AS 上级名称,
    ROUND(总任务原值, 2) AS 总任务金额,
    ROUND(年度开单原值, 2) AS 年度开单金额,
    ROUND(CASE WHEN 总任务原值 > 0 THEN 年度开单原值 / 总任务原值 * 100 ELSE 达成率原值 END, 2) AS 达成率,
    ROUND(GREATEST(总任务原值 - 年度开单原值, 0), 2) AS 剩余任务金额,
    ROUND(线下任务原值, 2) AS 线下任务金额,
    ROUND(线下实际原值, 2) AS 线下开单金额,
    ROUND(新零售任务原值, 2) AS 新零售任务金额,
    ROUND(新零售实际原值, 2) AS 新零售开单金额,
    ROUND(燃气定制任务原值, 2) AS 燃气定制任务金额,
    ROUND(燃气定制实际原值, 2) AS 燃气定制开单金额,
    ROUND(地产任务原值, 2) AS 地产任务金额,
    ROUND(地产实际原值, 2) AS 地产开单金额
  FROM 源数据
  WHERE 总任务原值 > 0
)
SELECT *
FROM 标准结果
WHERE 层级 = '战区'
  AND 达成率 < 30
ORDER BY 达成率 ASC, 剩余任务金额 DESC, 节点名称
LIMIT 200;","['风险节点', '战区']",95,0,,True,ui,2026-07-08 07:41:23.865975+00:00,2026-07-08 07:41:23.865975+00:00
987,63,ratio,澔原最厉害的那两个销售占了澔原大半业绩吧，算下他们上半年占了多少比例,"WITH branch_total AS (SELECT SUM(年度开单金额) AS b_total FROM public.v_feishu_tbl_gamma_v2 WHERE 节点名称 = '澔原战区' AND 层级 = '战区' AND 行业线 = '总额(未拆分)' AND 年份 = '2026' AND 月份 BETWEEN 1 AND 6), top_reps AS (SELECT 节点名称, SUM(年度开单金额) AS rep_billing FROM public.v_feishu_tbl_gamma_v2 WHERE 层级 = '客户经理' AND 行业线 = '总额(未拆分)' AND 年份 = '2026' AND 月份 BETWEEN 1 AND 6 AND 上级名称 IN (SELECT 节点名称 FROM public.v_feishu_tbl_gamma_v2 WHERE 上级名称 = '澔原战区' AND 层级 = '片区' AND 行业线 = '总额(未拆分)' AND 年份 = '2026') GROUP BY 节点名称 ORDER BY rep_billing DESC LIMIT 2), reps_sum AS (SELECT SUM(rep_billing) AS r_sum FROM top_reps) SELECT b.b_total AS 澔原上半年销售额, r.r_sum AS 核心客户经理销售和, CASE WHEN b.b_total > 0 THEN ROUND(r.r_sum / b.b_total * 100, 2) ELSE 0 END AS 业绩占比 FROM branch_total b, reps_sum r;","['占比', '客户经理', '帕累托分析']",99,0,,True,ui,2026-06-26 07:37:03.976592+00:00,2026-06-26 07:37:03.976592+00:00
988,63,yoy,对比今年上半年各区域战区的官方大盘总开单以及相比去年的同比增速,"SELECT 节点名称 AS 战区, SUM(年度开单金额) AS 今年上半年销售, SUM(去年同期开单) AS 去年上半年销售, CASE WHEN SUM(去年同期开单) > 0 THEN ROUND((SUM(年度开单金额) - SUM(去年同期开单)) / SUM(去年同期开单) * 100, 2) ELSE 0 END AS 同比增速 FROM public.v_feishu_tbl_gamma_v2 WHERE 层级 = '战区' AND 线 = '区域线' AND 行业线 = '总额(未拆分)' AND 年份 = '2026' AND 月份 BETWEEN 1 AND 6 GROUP BY 节点名称 ORDER BY 同比增速 DESC;","['同比', '战区', '上半年']",99,0,,True,ui,2026-06-26 07:37:03.976592+00:00,2026-06-26 07:37:03.976592+00:00
1001,63,segment,5月份整个事业群办公板块开了多少,SELECT SUM(年度开单金额) AS 五月办公板块开单金额 FROM public.v_feishu_tbl_gamma_v2 WHERE 节点名称 = '商用事业群' AND 层级 = '事业群' AND 行业线 = '楼宇办公' AND 年份 = '2026' AND 月份 = 5;,"['行业线', '事业群', '五月']",97,0,,True,ui,2026-06-26 07:37:03.976592+00:00,2026-06-26 07:37:03.976592+00:00
2390,62,filter,内贸行业部下有哪些细分业务,"SELECT 行业部, 细分业务, 年度目标营收, 年度开单金额 FROM v_feishu_tbl_beta WHERE 行业部 = '内贸行业部' AND 细分业务 IS NOT NULL ORDER BY 年度目标营收 DESC;",[],95,0,,True,ui,2026-07-02 02:54:33.797427+00:00,2026-07-02 02:54:33.797427+00:00
2625,2,summary,消费者事业群业绩怎么样？,"WITH 源数据 AS (
  SELECT
    fields,
    COALESCE(NULLIF(regexp_replace(fields ->> '总任务（金额）', '[^0-9.-]', '', 'g'), ''), '0')::NUMERIC AS 总任务原值,
    COALESCE(NULLIF(regexp_replace(fields ->> '年度开单金额', '[^0-9.-]', '', 'g'), ''), '0')::NUMERIC AS 年度开单原值,
    COALESCE(NULLIF(regexp_replace(fields ->> '线下', '[^0-9.-]', '', 'g'), ''), '0')::NUMERIC AS 线下任务原值,
    COALESCE(NULLIF(regexp_replace(fields ->> '线下-年度开单金额', '[^0-9.-]', '', 'g'), ''), '0')::NUMERIC AS 线下实际原值,
    COALESCE(NULLIF(regexp_replace(fields ->> '新零售', '[^0-9.-]', '', 'g'), ''), '0')::NUMERIC AS 新零售任务原值,
    COALESCE(NULLIF(regexp_replace(fields ->> '新零售-年度开单金额', '[^0-9.-]', '', 'g'), ''), '0')::NUMERIC AS 新零售实际原值,
    COALESCE(NULLIF(regexp_replace(fields ->> '燃气定制', '[^0-9.-]', '', 'g'), ''), '0')::NUMERIC AS 燃气定制任务原值,
    COALESCE(NULLIF(regexp_replace(fields ->> '燃气定制-年度开单金额', '[^0-9.-]', '', 'g'), ''), '0')::NUMERIC AS 燃气定制实际原值,
    COALESCE(NULLIF(regexp_replace(fields ->> '地产', '[^0-9.-]', '', 'g'), ''), '0')::NUMERIC AS 地产任务原值,
    COALESCE(NULLIF(regexp_replace(fields ->> '地产-年度开单金额', '[^0-9.-]', '', 'g'), ''), '0')::NUMERIC AS 地产实际原值,
    COALESCE(NULLIF(regexp_replace(fields ->> '总任务达成率', '[^0-9.-]', '', 'g'), ''), '0')::NUMERIC AS 达成率原值
  FROM public.feishu_tbl_alpha
),
标准结果 AS (
  SELECT
    '消费者事业群' AS 线,
    CASE
      WHEN NULLIF(fields ->> '战区', '') IS NULL THEN '消费者事业群总体'
      WHEN NULLIF(fields ->> '城市战区', '') IS NULL THEN '战区'
      ELSE '城市战区'
    END AS 层级,
    CASE
      WHEN NULLIF(fields ->> '战区', '') IS NULL THEN '消费者事业群'
      WHEN NULLIF(fields ->> '城市战区', '') IS NULL THEN fields ->> '战区'
      ELSE fields ->> '城市战区'
    END AS 节点名称,
    CASE
      WHEN NULLIF(fields ->> '战区', '') IS NULL THEN NULL
      WHEN NULLIF(fields ->> '城市战区', '') IS NULL THEN '消费者事业群'
      ELSE fields ->> '战区'
    END AS 上级名称,
    ROUND(总任务原值, 2) AS 总任务金额,
    ROUND(年度开单原值, 2) AS 年度开单金额,
    ROUND(CASE WHEN 总任务原值 > 0 THEN 年度开单原值 / 总任务原值 * 100 ELSE 达成率原值 END, 2) AS 达成率,
    ROUND(GREATEST(总任务原值 - 年度开单原值, 0), 2) AS 剩余任务金额,
    ROUND(线下任务原值, 2) AS 线下任务金额,
    ROUND(线下实际原值, 2) AS 线下开单金额,
    ROUND(新零售任务原值, 2) AS 新零售任务金额,
    ROUND(新零售实际原值, 2) AS 新零售开单金额,
    ROUND(燃气定制任务原值, 2) AS 燃气定制任务金额,
    ROUND(燃气定制实际原值, 2) AS 燃气定制开单金额,
    ROUND(地产任务原值, 2) AS 地产任务金额,
    ROUND(地产实际原值, 2) AS 地产开单金额
  FROM 源数据
  WHERE 总任务原值 > 0
)
SELECT *
FROM 标准结果
ORDER BY
  CASE 层级 WHEN '消费者事业群总体' THEN 1 WHEN '战区' THEN 2 WHEN '城市战区' THEN 3 ELSE 9 END,
  上级名称 NULLS FIRST,
  达成率 DESC,
  节点名称
LIMIT 10000;","['整体业绩', '三级层级', '标准输出']",100,0,,True,ui,2026-07-08 07:41:23.865975+00:00,2026-07-08 07:41:23.865975+00:00
2630,2,single_entity,某个战区业绩怎么样？,"WITH 源数据 AS (
  SELECT
    fields,
    COALESCE(NULLIF(regexp_replace(fields ->> '总任务（金额）', '[^0-9.-]', '', 'g'), ''), '0')::NUMERIC AS 总任务原值,
    COALESCE(NULLIF(regexp_replace(fields ->> '年度开单金额', '[^0-9.-]', '', 'g'), ''), '0')::NUMERIC AS 年度开单原值,
    COALESCE(NULLIF(regexp_replace(fields ->> '线下', '[^0-9.-]', '', 'g'), ''), '0')::NUMERIC AS 线下任务原值,
    COALESCE(NULLIF(regexp_replace(fields ->> '线下-年度开单金额', '[^0-9.-]', '', 'g'), ''), '0')::NUMERIC AS 线下实际原值,
    COALESCE(NULLIF(regexp_replace(fields ->> '新零售', '[^0-9.-]', '', 'g'), ''), '0')::NUMERIC AS 新零售任务原值,
    COALESCE(NULLIF(regexp_replace(fields ->> '新零售-年度开单金额', '[^0-9.-]', '', 'g'), ''), '0')::NUMERIC AS 新零售实际原值,
    COALESCE(NULLIF(regexp_replace(fields ->> '燃气定制', '[^0-9.-]', '', 'g'), ''), '0')::NUMERIC AS 燃气定制任务原值,
    COALESCE(NULLIF(regexp_replace(fields ->> '燃气定制-年度开单金额', '[^0-9.-]', '', 'g'), ''), '0')::NUMERIC AS 燃气定制实际原值,
    COALESCE(NULLIF(regexp_replace(fields ->> '地产', '[^0-9.-]', '', 'g'), ''), '0')::NUMERIC AS 地产任务原值,
    COALESCE(NULLIF(regexp_replace(fields ->> '地产-年度开单金额', '[^0-9.-]', '', 'g'), ''), '0')::NUMERIC AS 地产实际原值,
    COALESCE(NULLIF(regexp_replace(fields ->> '总任务达成率', '[^0-9.-]', '', 'g'), ''), '0')::NUMERIC AS 达成率原值
  FROM public.feishu_tbl_alpha
),
标准结果 AS (
  SELECT
    '消费者事业群' AS 线,
    CASE
      WHEN NULLIF(fields ->> '战区', '') IS NULL THEN '消费者事业群总体'
      WHEN NULLIF(fields ->> '城市战区', '') IS NULL THEN '战区'
      ELSE '城市战区'
    END AS 层级,
    CASE
      WHEN NULLIF(fields ->> '战区', '') IS NULL THEN '消费者事业群'
      WHEN NULLIF(fields ->> '城市战区', '') IS NULL THEN fields ->> '战区'
      ELSE fields ->> '城市战区'
    END AS 节点名称,
    CASE
      WHEN NULLIF(fields ->> '战区', '') IS NULL THEN NULL
      WHEN NULLIF(fields ->> '城市战区', '') IS NULL THEN '消费者事业群'
      ELSE fields ->> '战区'
    END AS 上级名称,
    ROUND(总任务原值, 2) AS 总任务金额,
    ROUND(年度开单原值, 2) AS 年度开单金额,
    ROUND(CASE WHEN 总任务原值 > 0 THEN 年度开单原值 / 总任务原值 * 100 ELSE 达成率原值 END, 2) AS 达成率,
    ROUND(GREATEST(总任务原值 - 年度开单原值, 0), 2) AS 剩余任务金额,
    ROUND(线下任务原值, 2) AS 线下任务金额,
    ROUND(线下实际原值, 2) AS 线下开单金额,
    ROUND(新零售任务原值, 2) AS 新零售任务金额,
    ROUND(新零售实际原值, 2) AS 新零售开单金额,
    ROUND(燃气定制任务原值, 2) AS 燃气定制任务金额,
    ROUND(燃气定制实际原值, 2) AS 燃气定制开单金额,
    ROUND(地产任务原值, 2) AS 地产任务金额,
    ROUND(地产实际原值, 2) AS 地产开单金额
  FROM 源数据
  WHERE 总任务原值 > 0
)
SELECT *
FROM 标准结果
WHERE 节点名称 = '华南战区'
   OR 上级名称 = '华南战区'
ORDER BY
  CASE 层级 WHEN '战区' THEN 1 WHEN '城市战区' THEN 2 ELSE 9 END,
  达成率 DESC,
  节点名称
LIMIT 1000;","['单体分析', '战区下钻']",94,0,,True,ui,2026-07-08 07:41:23.865975+00:00,2026-07-08 07:41:23.865975+00:00
2631,2,gap,消费者事业群剩余缺口最大的组织有哪些？,"WITH 源数据 AS (
  SELECT
    fields,
    COALESCE(NULLIF(regexp_replace(fields ->> '总任务（金额）', '[^0-9.-]', '', 'g'), ''), '0')::NUMERIC AS 总任务原值,
    COALESCE(NULLIF(regexp_replace(fields ->> '年度开单金额', '[^0-9.-]', '', 'g'), ''), '0')::NUMERIC AS 年度开单原值,
    COALESCE(NULLIF(regexp_replace(fields ->> '线下', '[^0-9.-]', '', 'g'), ''), '0')::NUMERIC AS 线下任务原值,
    COALESCE(NULLIF(regexp_replace(fields ->> '线下-年度开单金额', '[^0-9.-]', '', 'g'), ''), '0')::NUMERIC AS 线下实际原值,
    COALESCE(NULLIF(regexp_replace(fields ->> '新零售', '[^0-9.-]', '', 'g'), ''), '0')::NUMERIC AS 新零售任务原值,
    COALESCE(NULLIF(regexp_replace(fields ->> '新零售-年度开单金额', '[^0-9.-]', '', 'g'), ''), '0')::NUMERIC AS 新零售实际原值,
    COALESCE(NULLIF(regexp_replace(fields ->> '燃气定制', '[^0-9.-]', '', 'g'), ''), '0')::NUMERIC AS 燃气定制任务原值,
    COALESCE(NULLIF(regexp_replace(fields ->> '燃气定制-年度开单金额', '[^0-9.-]', '', 'g'), ''), '0')::NUMERIC AS 燃气定制实际原值,
    COALESCE(NULLIF(regexp_replace(fields ->> '地产', '[^0-9.-]', '', 'g'), ''), '0')::NUMERIC AS 地产任务原值,
    COALESCE(NULLIF(regexp_replace(fields ->> '地产-年度开单金额', '[^0-9.-]', '', 'g'), ''), '0')::NUMERIC AS 地产实际原值,
    COALESCE(NULLIF(regexp_replace(fields ->> '总任务达成率', '[^0-9.-]', '', 'g'), ''), '0')::NUMERIC AS 达成率原值
  FROM public.feishu_tbl_alpha
),
标准结果 AS (
  SELECT
    '消费者事业群' AS 线,
    CASE
      WHEN NULLIF(fields ->> '战区', '') IS NULL THEN '消费者事业群总体'
      WHEN NULLIF(fields ->> '城市战区', '') IS NULL THEN '战区'
      ELSE '城市战区'
    END AS 层级,
    CASE
      WHEN NULLIF(fields ->> '战区', '') IS NULL THEN '消费者事业群'
      WHEN NULLIF(fields ->> '城市战区', '') IS NULL THEN fields ->> '战区'
      ELSE fields ->> '城市战区'
    END AS 节点名称,
    CASE
      WHEN NULLIF(fields ->> '战区', '') IS NULL THEN NULL
      WHEN NULLIF(fields ->> '城市战区', '') IS NULL THEN '消费者事业群'
      ELSE fields ->> '战区'
    END AS 上级名称,
    ROUND(总任务原值, 2) AS 总任务金额,
    ROUND(年度开单原值, 2) AS 年度开单金额,
    ROUND(CASE WHEN 总任务原值 > 0 THEN 年度开单原值 / 总任务原值 * 100 ELSE 达成率原值 END, 2) AS 达成率,
    ROUND(GREATEST(总任务原值 - 年度开单原值, 0), 2) AS 剩余任务金额,
    ROUND(线下任务原值, 2) AS 线下任务金额,
    ROUND(线下实际原值, 2) AS 线下开单金额,
    ROUND(新零售任务原值, 2) AS 新零售任务金额,
    ROUND(新零售实际原值, 2) AS 新零售开单金额,
    ROUND(燃气定制任务原值, 2) AS 燃气定制任务金额,
    ROUND(燃气定制实际原值, 2) AS 燃气定制开单金额,
    ROUND(地产任务原值, 2) AS 地产任务金额,
    ROUND(地产实际原值, 2) AS 地产开单金额
  FROM 源数据
  WHERE 总任务原值 > 0
)
SELECT *
FROM 标准结果
WHERE 层级 IN ('战区', '城市战区')
ORDER BY 剩余任务金额 DESC, 达成率 ASC, 节点名称
LIMIT 50;","['缺口', '压力']",94,0,,True,ui,2026-07-08 07:41:23.865975+00:00,2026-07-08 07:41:23.865975+00:00
992,63,drilldown,南区食饮线谁卖得最好？排前三的客户经理拉出来,"SELECT 节点名称 AS 客户经理, 上级名称 AS 所属片区, SUM(年度开单金额) AS 食饮销售 FROM public.v_feishu_tbl_gamma_v2 WHERE 层级 = '客户经理' AND 行业线 = '食饮部' AND 年份 = '2026' AND 上级名称 IN (SELECT 节点名称 FROM public.v_feishu_tbl_gamma_v2 WHERE 上级名称 = '岚屿战区' AND 层级 = '片区' AND 行业线 = '总额(未拆分)' AND 年份 = '2026') GROUP BY 节点名称, 上级名称 ORDER BY 食饮销售 DESC LIMIT 3;","['下钻', '客户经理', '食饮板块']",99,0,,True,ui,2026-06-26 07:37:03.976592+00:00,2026-06-26 07:37:03.976592+00:00
993,63,mom,瀚川战区在今年第二季度相比于第一季度的季环比增长率是多少,"WITH quarterly_data AS (SELECT SUM(CASE WHEN 月份 IN (1, 2, 3) THEN 年度开单金额 ELSE 0 END) AS q1_billing, SUM(CASE WHEN 月份 IN (4, 5, 6) THEN 年度开单金额 ELSE 0 END) AS q2_billing FROM public.v_feishu_tbl_gamma_v2 WHERE 节点名称 = '瀚川战区' AND 层级 = '战区' AND 行业线 = '总额(未拆分)' AND 年份 = '2026') SELECT q1_billing AS 一季度总开单, q2_billing AS 二季度总开单, CASE WHEN q1_billing > 0 THEN ROUND((q2_billing - q1_billing) / q1_billing * 100, 2) ELSE 0 END AS 季环比增速 FROM quarterly_data;","['环比', '战区', '季度对比']",98,0,,True,ui,2026-06-26 07:37:03.976592+00:00,2026-06-26 07:37:03.976592+00:00
994,63,audit,澔原战区分下去的任务对得上片区指标总和吗,"WITH parent_target AS (SELECT SUM(总任务金额) AS p_target FROM public.v_feishu_tbl_gamma_v2 WHERE 节点名称 = '澔原战区' AND 层级 = '战区' AND 行业线 = '总额(未拆分)' AND 年份 = '2026'), children_sum AS (SELECT SUM(总任务金额) AS c_target FROM public.v_feishu_tbl_gamma_v2 WHERE 上级名称 = '澔原战区' AND 层级 = '片区' AND 行业线 = '总额(未拆分)' AND 年份 = '2026') SELECT p_target AS 大区官方总指标, c_target AS 片区派发指标和, (p_target - c_target) AS 未分配额度 FROM parent_target, children_sum;","['对账', '战区', '审计']",98,0,,True,ui,2026-06-26 07:37:03.976592+00:00,2026-06-26 07:37:03.976592+00:00
1669,3,detail,分析下潇湘片区的业绩,"WITH 汇总结果 AS (
WITH raw_data AS (
  SELECT TRIM(COALESCE(CASE WHEN jsonb_typeof(fields->'战区') = 'array' THEN fields->'战区'->0->>'text' ELSE fields->>'战区' END,
        '')) AS 战区,
    TRIM(COALESCE(CASE WHEN jsonb_typeof(fields->'片区') = 'array' THEN fields->'片区'->0->>'text' ELSE fields->>'片区' END,
        '')) AS 片区,
    TRIM(COALESCE(CASE WHEN jsonb_typeof(fields->'客户经理') = 'array' THEN fields->'客户经理'->0->>'text' ELSE fields->>'客户经理' END,
        '')) AS 客户经理,
    '' AS 行业部,
    SUM(COALESCE(NULLIF(regexp_replace(COALESCE(CASE WHEN jsonb_typeof(fields->'总任务（金额）') = 'array' THEN fields->'总任务（金额）'->0->>'text' ELSE fields->>'总任务（金额）' END,
              '0'),
            '[^0-9.-]',
            '',
            'g'),
          ''),
        '0')::NUMERIC) AS 总任务金额,
    SUM(COALESCE(NULLIF(regexp_replace(COALESCE(CASE WHEN jsonb_typeof(fields->'年度开单金额') = 'array' THEN fields->'年度开单金额'->0->>'text' ELSE fields->>'年度开单金额' END,
              '0'),
            '[^0-9.-]',
            '',
            'g'),
          ''),
        '0')::NUMERIC) AS 年度开单金额
  FROM datapivot_core_data
  WHERE COALESCE(NULLIF(TRIM(CASE WHEN jsonb_typeof(fields->'当前年') = 'array' THEN fields->'当前年'->0->>'text' ELSE fields->>'当前年' END),
        ''),
      '2026') = '2026'
  GROUP BY 1,
    2,
    3,
    4 ),
  flattened_tree AS (
  SELECT CASE WHEN 客户经理 <> '' THEN '客户经理' WHEN 片区 <> '' THEN '片区' WHEN 战区 <> ''
    AND 战区 LIKE '%行业部' THEN '行业部' WHEN 行业部 <> '' THEN '行业部' WHEN 战区 <> '' THEN '战区' ELSE '事业群' END AS 层级,
    CASE WHEN 客户经理 <> '' THEN COALESCE(NULLIF(片区,
        ''),
      NULLIF(行业部,
        ''),
      NULLIF(战区,
        ''),
      '商用事业群') WHEN 片区 <> '' THEN NULLIF(战区,
      '') WHEN 战区 <> ''
    OR 行业部 <> '' THEN '商用事业群' ELSE NULL END AS 上级名称,
    CASE WHEN 客户经理 <> '' THEN 客户经理 WHEN 片区 <> '' THEN 片区 WHEN 战区 <> '' THEN 战区 WHEN 行业部 <> '' THEN 行业部 ELSE '商用事业群' END AS 节点名称,
    CASE WHEN COALESCE(NULLIF(战区,
        ''),
      NULLIF(行业部,
      '')) LIKE '%行业部' THEN '行业线' WHEN COALESCE(NULLIF(战区,
        ''),
      NULLIF(行业部,
        '')) LIKE '%战区' THEN '区域线' ELSE '事业群层级' END AS 线,
    总任务金额,
    年度开单金额
  FROM raw_data ),
  summarized_nodes AS (
  SELECT 线,
    层级,
    上级名称,
    节点名称,
    SUM(总任务金额) AS 总任务金额,
    SUM(年度开单金额) AS 年度开单金额
  FROM flattened_tree
  WHERE 节点名称 <> ''
  GROUP BY 线,
    层级,
    上级名称,
    节点名称 )
SELECT 线,
  层级,
  节点名称,
  上级名称,
  总任务金额,
  年度开单金额,
  CASE WHEN 总任务金额 = 0 THEN 0 ELSE ROUND((年度开单金额 / 总任务金额) * 100,
    2) END AS 达成率,
  ROUND(总任务金额 - 年度开单金额,
    2) AS 剩余任务金额
FROM summarized_nodes ),
命中节点 AS (
SELECT 节点名称
FROM 汇总结果
WHERE 节点名称 IN ('潇湘片区')
   OR 上级名称 IN ('潇湘片区')
),
命中孙级 AS (
SELECT 子节点.节点名称
FROM 汇总结果 子节点
WHERE 子节点.上级名称 IN (
  SELECT 节点名称
  FROM 命中节点)
)
SELECT *
FROM 汇总结果
WHERE 节点名称 IN ('潇湘片区')
   OR 上级名称 IN ('潇湘片区')
   OR 节点名称 IN (SELECT 节点名称 FROM 命中孙级)
ORDER BY 线 DESC,
层级 DESC,
上级名称,
节点名称
LIMIT 10000",[],89,0,,True,ui,2026-06-27 12:03:29.129775+00:00,2026-06-27 12:03:29.129775+00:00
1670,3,detail,看下商用事业群客户经理殷怀川的业绩,"WITH 汇总结果 AS (
WITH raw_data AS (
  SELECT TRIM(COALESCE(CASE WHEN jsonb_typeof(fields->'战区') = 'array' THEN fields->'战区'->0->>'text' ELSE fields->>'战区' END,
        '')) AS 战区,
    TRIM(COALESCE(CASE WHEN jsonb_typeof(fields->'片区') = 'array' THEN fields->'片区'->0->>'text' ELSE fields->>'片区' END,
        '')) AS 片区,
    TRIM(COALESCE(CASE WHEN jsonb_typeof(fields->'客户经理') = 'array' THEN fields->'客户经理'->0->>'text' ELSE fields->>'客户经理' END,
        '')) AS 客户经理,
    '' AS 行业部,
    SUM(COALESCE(NULLIF(regexp_replace(COALESCE(CASE WHEN jsonb_typeof(fields->'总任务（金额）') = 'array' THEN fields->'总任务（金额）'->0->>'text' ELSE fields->>'总任务（金额）' END,
              '0'),
            '[^0-9.-]',
            '',
            'g'),
          ''),
        '0')::NUMERIC) AS 总任务金额,
    SUM(COALESCE(NULLIF(regexp_replace(COALESCE(CASE WHEN jsonb_typeof(fields->'年度开单金额') = 'array' THEN fields->'年度开单金额'->0->>'text' ELSE fields->>'年度开单金额' END,
              '0'),
            '[^0-9.-]',
            '',
            'g'),
          ''),
        '0')::NUMERIC) AS 年度开单金额
  FROM datapivot_core_data
  WHERE COALESCE(NULLIF(TRIM(CASE WHEN jsonb_typeof(fields->'当前年') = 'array' THEN fields->'当前年'->0->>'text' ELSE fields->>'当前年' END),
        ''),
      '2026') = '2026'
  GROUP BY 1,
    2,
    3,
    4 ),
  flattened_tree AS (
  SELECT CASE WHEN 客户经理 <> '' THEN '客户经理' WHEN 片区 <> '' THEN '片区' WHEN 战区 <> ''
    AND 战区 LIKE '%行业部' THEN '行业部' WHEN 行业部 <> '' THEN '行业部' WHEN 战区 <> '' THEN '战区' ELSE '事业群' END AS 层级,
    CASE WHEN 客户经理 <> '' THEN COALESCE(NULLIF(片区,
        ''),
      NULLIF(行业部,
        ''),
      NULLIF(战区,
        ''),
      '商用事业群') WHEN 片区 <> '' THEN NULLIF(战区,
      '') WHEN 战区 <> ''
    OR 行业部 <> '' THEN '商用事业群' ELSE NULL END AS 上级名称,
    CASE WHEN 客户经理 <> '' THEN 客户经理 WHEN 片区 <> '' THEN 片区 WHEN 战区 <> '' THEN 战区 WHEN 行业部 <> '' THEN 行业部 ELSE '商用事业群' END AS 节点名称,
    CASE WHEN COALESCE(NULLIF(战区,
        ''),
      NULLIF(行业部,
        '')) LIKE '%行业部' THEN '行业线' WHEN COALESCE(NULLIF(战区,
        ''),
      NULLIF(行业部,
        '')) LIKE '%战区' THEN '区域线' ELSE '事业群层级' END AS 线,
    总任务金额,
    年度开单金额
  FROM raw_data ),
  summarized_nodes AS (
  SELECT 线,
    层级,
    上级名称,
    节点名称,
    SUM(总任务金额) AS 总任务金额,
    SUM(年度开单金额) AS 年度开单金额
  FROM flattened_tree
  WHERE 节点名称 <> ''
  GROUP BY 线,
    层级,
    上级名称,
    节点名称 )
SELECT 线,
  层级,
  节点名称,
  上级名称,
  总任务金额,
  年度开单金额,
  CASE WHEN 总任务金额 = 0 THEN 0 ELSE ROUND((年度开单金额 / 总任务金额) * 100,
    2) END AS 达成率,
  ROUND(总任务金额 - 年度开单金额,
    2) AS 剩余任务金额
FROM summarized_nodes )

-- 这里只查【某个业务员】
SELECT *
FROM 汇总结果
WHERE 层级 = '客户经理' 
  AND 节点名称 = '殷怀川'  -- 把张三改成你要查的业务员名字
ORDER BY 节点名称",[],80,0,,True,ui,2026-06-27 12:03:29.129775+00:00,2026-06-27 12:03:29.129775+00:00
990,63,ratio,岚屿战区旗下所有客户经理今年食饮板块销售占他们个人总开单的比例大PK,"WITH rep_segment_data AS (SELECT 节点名称 AS 客户经理, SUM(CASE WHEN 行业线 = '食饮部' THEN 年度开单金额 ELSE 0 END) AS 食饮销售, SUM(CASE WHEN 行业线 = '总额(未拆分)' THEN 年度开单金额 ELSE 0 END) AS 个人总销售 FROM public.v_feishu_tbl_gamma_v2 WHERE 层级 = '客户经理' AND 年份 = '2026' AND 上级名称 IN (SELECT 节点名称 FROM public.v_feishu_tbl_gamma_v2 WHERE 上级名称 = '岚屿战区' AND 层级 = '片区' AND 行业线 = '总额(未拆分)' AND 年份 = '2026') GROUP BY 节点名称) SELECT 客户经理, 个人总销售 AS 年度累计开单, 食饮销售 AS 食饮开单, CASE WHEN 个人总销售 > 0 THEN ROUND(食饮销售 / 个人总销售 * 100, 2) ELSE 0 END AS 食饮开单占比 FROM rep_segment_data ORDER BY 食饮开单占比 DESC;","['占比', '客户经理', '贡献度对比']",99,0,,True,ui,2026-06-26 07:37:03.976592+00:00,2026-06-26 07:37:03.976592+00:00
991,63,ratio,云梦和越溪一季度业绩占了整个澔原的多少比例,"WITH branch_total AS (SELECT SUM(年度开单金额) AS b_billing FROM public.v_feishu_tbl_gamma_v2 WHERE 节点名称 = '澔原战区' AND 层级 = '战区' AND 行业线 = '总额(未拆分)' AND 年份 = '2026' AND 月份 BETWEEN 1 AND 3), office_totals AS (SELECT 节点名称 AS office_name, SUM(年度开单金额) AS o_billing FROM public.v_feishu_tbl_gamma_v2 WHERE 节点名称 IN ('云栖片区', '越溪片区') AND 层级 = '片区' AND 行业线 = '总额(未拆分)' AND 年份 = '2026' AND 月份 BETWEEN 1 AND 3 GROUP BY 节点名称) SELECT o.office_name, o.o_billing, b.b_billing, CASE WHEN b.b_billing > 0 THEN ROUND(o.o_billing / b.b_billing * 100, 2) ELSE 0 END AS 贡献占比 FROM office_totals o, branch_total b;","['占比', '片区', '业绩贡献']",99,0,,True,ui,2026-06-26 07:37:03.976592+00:00,2026-06-26 07:37:03.976592+00:00
1008,13,aggregation,消费者事业群整体达成率是多少,"SELECT
 -- 1. 层级结构
 CASE
 WHEN fields ->> '战区' IS NULL OR fields ->> '战区' = '' THEN '消费者事业群总体'
 WHEN fields ->> '城市战区' IS NULL OR fields ->> '城市战区' = '' THEN '战区'
 ELSE '城市战区'
 END AS 层级,

 CASE
 WHEN fields ->> '战区' IS NULL OR fields ->> '战区' = '' THEN '消费者事业群'
 WHEN fields ->> '城市战区' IS NULL OR fields ->> '城市战区' = '' THEN fields ->> '战区'
 ELSE fields ->> '城市战区'
 END AS 节点名称,

 CASE
 WHEN fields ->> '战区' IS NULL OR fields ->> '战区' = '' THEN NULL
 WHEN fields ->> '城市战区' IS NULL OR fields ->> '城市战区' = '' THEN '消费者事业群'
 ELSE fields ->> '战区'
 END AS 上级名称,

-- 2. 总目标、总实际、总达成率 ✅ 达成率 ×100
 ROUND(COALESCE((fields ->> '总任务（金额）')::NUMERIC, 0) / 10000, 2) AS 总任务_万元,
 ROUND(COALESCE((fields ->> '年度开单金额')::NUMERIC, 0) / 10000, 2) AS 总实际_万元,
 ROUND(COALESCE((fields ->> '总任务达成率')::NUMERIC, 0) * 100, 2) AS 总达成率,  -- 这里 ×100

-- 3. 4条业务线 —— 任务
 ROUND(COALESCE((fields ->> '线下')::NUMERIC, 0) / 10000, 2) AS 线下任务_万元,
 ROUND(COALESCE((fields ->> '新零售')::NUMERIC, 0) / 10000, 2) AS 新零售任务_万元,
 ROUND(COALESCE((fields ->> '燃气定制')::NUMERIC, 0) / 10000, 2) AS 燃气定制任务_万元,
 ROUND(COALESCE((fields ->> '地产')::NUMERIC, 0) / 10000, 2) AS 地产任务_万元,

-- 4. 4条业务线 —— 实际开单
 ROUND(COALESCE((fields ->> '线下-年度开单金额')::NUMERIC, 0) / 10000, 2) AS 线下实际_万元,
 ROUND(COALESCE((fields ->> '新零售-年度开单金额')::NUMERIC, 0) / 10000, 2) AS 新零售实际_万元,
 ROUND(COALESCE((fields ->> '燃气定制-年度开单金额')::NUMERIC, 0) / 10000, 2) AS 燃气定制实际_万元,
 ROUND(COALESCE((fields ->> '地产-年度开单金额')::NUMERIC, 0) / 10000, 2) AS 地产实际_万元

FROM public.feishu_tbl_alpha

ORDER BY
 CASE
 WHEN fields ->> '战区' IS NULL OR fields ->> '战区' = '' THEN 1
 WHEN fields ->> '城市战区' IS NULL OR fields ->> '城市战区' = '' THEN 2
 ELSE 3
 END,
 节点名称;","['整体汇总', '达成率']",95,0,,True,ui,2026-06-26 07:37:11.907836+00:00,2026-06-26 07:37:11.907836+00:00
2629,2,comparative,四条业务线贡献如何？,"WITH 源数据 AS (
  SELECT
    fields,
    COALESCE(NULLIF(regexp_replace(fields ->> '总任务（金额）', '[^0-9.-]', '', 'g'), ''), '0')::NUMERIC AS 总任务原值,
    COALESCE(NULLIF(regexp_replace(fields ->> '年度开单金额', '[^0-9.-]', '', 'g'), ''), '0')::NUMERIC AS 年度开单原值,
    COALESCE(NULLIF(regexp_replace(fields ->> '线下', '[^0-9.-]', '', 'g'), ''), '0')::NUMERIC AS 线下任务原值,
    COALESCE(NULLIF(regexp_replace(fields ->> '线下-年度开单金额', '[^0-9.-]', '', 'g'), ''), '0')::NUMERIC AS 线下实际原值,
    COALESCE(NULLIF(regexp_replace(fields ->> '新零售', '[^0-9.-]', '', 'g'), ''), '0')::NUMERIC AS 新零售任务原值,
    COALESCE(NULLIF(regexp_replace(fields ->> '新零售-年度开单金额', '[^0-9.-]', '', 'g'), ''), '0')::NUMERIC AS 新零售实际原值,
    COALESCE(NULLIF(regexp_replace(fields ->> '燃气定制', '[^0-9.-]', '', 'g'), ''), '0')::NUMERIC AS 燃气定制任务原值,
    COALESCE(NULLIF(regexp_replace(fields ->> '燃气定制-年度开单金额', '[^0-9.-]', '', 'g'), ''), '0')::NUMERIC AS 燃气定制实际原值,
    COALESCE(NULLIF(regexp_replace(fields ->> '地产', '[^0-9.-]', '', 'g'), ''), '0')::NUMERIC AS 地产任务原值,
    COALESCE(NULLIF(regexp_replace(fields ->> '地产-年度开单金额', '[^0-9.-]', '', 'g'), ''), '0')::NUMERIC AS 地产实际原值,
    COALESCE(NULLIF(regexp_replace(fields ->> '总任务达成率', '[^0-9.-]', '', 'g'), ''), '0')::NUMERIC AS 达成率原值
  FROM public.feishu_tbl_alpha
),
标准结果 AS (
  SELECT
    '消费者事业群' AS 线,
    CASE
      WHEN NULLIF(fields ->> '战区', '') IS NULL THEN '消费者事业群总体'
      WHEN NULLIF(fields ->> '城市战区', '') IS NULL THEN '战区'
      ELSE '城市战区'
    END AS 层级,
    CASE
      WHEN NULLIF(fields ->> '战区', '') IS NULL THEN '消费者事业群'
      WHEN NULLIF(fields ->> '城市战区', '') IS NULL THEN fields ->> '战区'
      ELSE fields ->> '城市战区'
    END AS 节点名称,
    CASE
      WHEN NULLIF(fields ->> '战区', '') IS NULL THEN NULL
      WHEN NULLIF(fields ->> '城市战区', '') IS NULL THEN '消费者事业群'
      ELSE fields ->> '战区'
    END AS 上级名称,
    ROUND(总任务原值, 2) AS 总任务金额,
    ROUND(年度开单原值, 2) AS 年度开单金额,
    ROUND(CASE WHEN 总任务原值 > 0 THEN 年度开单原值 / 总任务原值 * 100 ELSE 达成率原值 END, 2) AS 达成率,
    ROUND(GREATEST(总任务原值 - 年度开单原值, 0), 2) AS 剩余任务金额,
    ROUND(线下任务原值, 2) AS 线下任务金额,
    ROUND(线下实际原值, 2) AS 线下开单金额,
    ROUND(新零售任务原值, 2) AS 新零售任务金额,
    ROUND(新零售实际原值, 2) AS 新零售开单金额,
    ROUND(燃气定制任务原值, 2) AS 燃气定制任务金额,
    ROUND(燃气定制实际原值, 2) AS 燃气定制开单金额,
    ROUND(地产任务原值, 2) AS 地产任务金额,
    ROUND(地产实际原值, 2) AS 地产开单金额
  FROM 源数据
  WHERE 总任务原值 > 0
)
SELECT
  节点名称,
  业务线,
  任务金额,
  开单金额,
  ROUND(CASE WHEN 任务金额 > 0 THEN 开单金额 / 任务金额 * 100 ELSE 0 END, 2) AS 达成率
FROM 标准结果
CROSS JOIN LATERAL (
  VALUES
    ('线下', 线下任务金额, 线下开单金额),
    ('新零售', 新零售任务金额, 新零售开单金额),
    ('燃气定制', 燃气定制任务金额, 燃气定制开单金额),
    ('地产', 地产任务金额, 地产开单金额)
) AS 业务线明细(业务线, 任务金额, 开单金额)
WHERE 层级 = '消费者事业群总体'
ORDER BY 开单金额 DESC;","['业务线', '贡献度']",95,0,,True,ui,2026-07-08 07:41:23.865975+00:00,2026-07-08 07:41:23.865975+00:00
2389,62,summary,电商事业群年度目标营收和年度开单金额分别是多少,"SELECT 事业群, 年度目标营收, 年度开单金额, ROUND(总任务达成率 * 100, 2) AS 达成率百分比 FROM v_feishu_tbl_beta WHERE 层级级别 = '事业群';",[],95,0,,True,ui,2026-07-02 02:54:33.797427+00:00,2026-07-02 02:54:33.797427+00:00
2626,2,ranking,各战区业绩排名,"WITH 源数据 AS (
  SELECT
    fields,
    COALESCE(NULLIF(regexp_replace(fields ->> '总任务（金额）', '[^0-9.-]', '', 'g'), ''), '0')::NUMERIC AS 总任务原值,
    COALESCE(NULLIF(regexp_replace(fields ->> '年度开单金额', '[^0-9.-]', '', 'g'), ''), '0')::NUMERIC AS 年度开单原值,
    COALESCE(NULLIF(regexp_replace(fields ->> '线下', '[^0-9.-]', '', 'g'), ''), '0')::NUMERIC AS 线下任务原值,
    COALESCE(NULLIF(regexp_replace(fields ->> '线下-年度开单金额', '[^0-9.-]', '', 'g'), ''), '0')::NUMERIC AS 线下实际原值,
    COALESCE(NULLIF(regexp_replace(fields ->> '新零售', '[^0-9.-]', '', 'g'), ''), '0')::NUMERIC AS 新零售任务原值,
    COALESCE(NULLIF(regexp_replace(fields ->> '新零售-年度开单金额', '[^0-9.-]', '', 'g'), ''), '0')::NUMERIC AS 新零售实际原值,
    COALESCE(NULLIF(regexp_replace(fields ->> '燃气定制', '[^0-9.-]', '', 'g'), ''), '0')::NUMERIC AS 燃气定制任务原值,
    COALESCE(NULLIF(regexp_replace(fields ->> '燃气定制-年度开单金额', '[^0-9.-]', '', 'g'), ''), '0')::NUMERIC AS 燃气定制实际原值,
    COALESCE(NULLIF(regexp_replace(fields ->> '地产', '[^0-9.-]', '', 'g'), ''), '0')::NUMERIC AS 地产任务原值,
    COALESCE(NULLIF(regexp_replace(fields ->> '地产-年度开单金额', '[^0-9.-]', '', 'g'), ''), '0')::NUMERIC AS 地产实际原值,
    COALESCE(NULLIF(regexp_replace(fields ->> '总任务达成率', '[^0-9.-]', '', 'g'), ''), '0')::NUMERIC AS 达成率原值
  FROM public.feishu_tbl_alpha
),
标准结果 AS (
  SELECT
    '消费者事业群' AS 线,
    CASE
      WHEN NULLIF(fields ->> '战区', '') IS NULL THEN '消费者事业群总体'
      WHEN NULLIF(fields ->> '城市战区', '') IS NULL THEN '战区'
      ELSE '城市战区'
    END AS 层级,
    CASE
      WHEN NULLIF(fields ->> '战区', '') IS NULL THEN '消费者事业群'
      WHEN NULLIF(fields ->> '城市战区', '') IS NULL THEN fields ->> '战区'
      ELSE fields ->> '城市战区'
    END AS 节点名称,
    CASE
      WHEN NULLIF(fields ->> '战区', '') IS NULL THEN NULL
      WHEN NULLIF(fields ->> '城市战区', '') IS NULL THEN '消费者事业群'
      ELSE fields ->> '战区'
    END AS 上级名称,
    ROUND(总任务原值, 2) AS 总任务金额,
    ROUND(年度开单原值, 2) AS 年度开单金额,
    ROUND(CASE WHEN 总任务原值 > 0 THEN 年度开单原值 / 总任务原值 * 100 ELSE 达成率原值 END, 2) AS 达成率,
    ROUND(GREATEST(总任务原值 - 年度开单原值, 0), 2) AS 剩余任务金额,
    ROUND(线下任务原值, 2) AS 线下任务金额,
    ROUND(线下实际原值, 2) AS 线下开单金额,
    ROUND(新零售任务原值, 2) AS 新零售任务金额,
    ROUND(新零售实际原值, 2) AS 新零售开单金额,
    ROUND(燃气定制任务原值, 2) AS 燃气定制任务金额,
    ROUND(燃气定制实际原值, 2) AS 燃气定制开单金额,
    ROUND(地产任务原值, 2) AS 地产任务金额,
    ROUND(地产实际原值, 2) AS 地产开单金额
  FROM 源数据
  WHERE 总任务原值 > 0
)
SELECT *
FROM 标准结果
WHERE 层级 = '战区'
ORDER BY 达成率 DESC, 年度开单金额 DESC, 节点名称
LIMIT 100;","['战区', '排名']",96,0,,True,ui,2026-07-08 07:41:23.865975+00:00,2026-07-08 07:41:23.865975+00:00
2627,2,risk,哪些城市战区达成率低于10%？,"WITH 源数据 AS (
  SELECT
    fields,
    COALESCE(NULLIF(regexp_replace(fields ->> '总任务（金额）', '[^0-9.-]', '', 'g'), ''), '0')::NUMERIC AS 总任务原值,
    COALESCE(NULLIF(regexp_replace(fields ->> '年度开单金额', '[^0-9.-]', '', 'g'), ''), '0')::NUMERIC AS 年度开单原值,
    COALESCE(NULLIF(regexp_replace(fields ->> '线下', '[^0-9.-]', '', 'g'), ''), '0')::NUMERIC AS 线下任务原值,
    COALESCE(NULLIF(regexp_replace(fields ->> '线下-年度开单金额', '[^0-9.-]', '', 'g'), ''), '0')::NUMERIC AS 线下实际原值,
    COALESCE(NULLIF(regexp_replace(fields ->> '新零售', '[^0-9.-]', '', 'g'), ''), '0')::NUMERIC AS 新零售任务原值,
    COALESCE(NULLIF(regexp_replace(fields ->> '新零售-年度开单金额', '[^0-9.-]', '', 'g'), ''), '0')::NUMERIC AS 新零售实际原值,
    COALESCE(NULLIF(regexp_replace(fields ->> '燃气定制', '[^0-9.-]', '', 'g'), ''), '0')::NUMERIC AS 燃气定制任务原值,
    COALESCE(NULLIF(regexp_replace(fields ->> '燃气定制-年度开单金额', '[^0-9.-]', '', 'g'), ''), '0')::NUMERIC AS 燃气定制实际原值,
    COALESCE(NULLIF(regexp_replace(fields ->> '地产', '[^0-9.-]', '', 'g'), ''), '0')::NUMERIC AS 地产任务原值,
    COALESCE(NULLIF(regexp_replace(fields ->> '地产-年度开单金额', '[^0-9.-]', '', 'g'), ''), '0')::NUMERIC AS 地产实际原值,
    COALESCE(NULLIF(regexp_replace(fields ->> '总任务达成率', '[^0-9.-]', '', 'g'), ''), '0')::NUMERIC AS 达成率原值
  FROM public.feishu_tbl_alpha
),
标准结果 AS (
  SELECT
    '消费者事业群' AS 线,
    CASE
      WHEN NULLIF(fields ->> '战区', '') IS NULL THEN '消费者事业群总体'
      WHEN NULLIF(fields ->> '城市战区', '') IS NULL THEN '战区'
      ELSE '城市战区'
    END AS 层级,
    CASE
      WHEN NULLIF(fields ->> '战区', '') IS NULL THEN '消费者事业群'
      WHEN NULLIF(fields ->> '城市战区', '') IS NULL THEN fields ->> '战区'
      ELSE fields ->> '城市战区'
    END AS 节点名称,
    CASE
      WHEN NULLIF(fields ->> '战区', '') IS NULL THEN NULL
      WHEN NULLIF(fields ->> '城市战区', '') IS NULL THEN '消费者事业群'
      ELSE fields ->> '战区'
    END AS 上级名称,
    ROUND(总任务原值, 2) AS 总任务金额,
    ROUND(年度开单原值, 2) AS 年度开单金额,
    ROUND(CASE WHEN 总任务原值 > 0 THEN 年度开单原值 / 总任务原值 * 100 ELSE 达成率原值 END, 2) AS 达成率,
    ROUND(GREATEST(总任务原值 - 年度开单原值, 0), 2) AS 剩余任务金额,
    ROUND(线下任务原值, 2) AS 线下任务金额,
    ROUND(线下实际原值, 2) AS 线下开单金额,
    ROUND(新零售任务原值, 2) AS 新零售任务金额,
    ROUND(新零售实际原值, 2) AS 新零售开单金额,
    ROUND(燃气定制任务原值, 2) AS 燃气定制任务金额,
    ROUND(燃气定制实际原值, 2) AS 燃气定制开单金额,
    ROUND(地产任务原值, 2) AS 地产任务金额,
    ROUND(地产实际原值, 2) AS 地产开单金额
  FROM 源数据
  WHERE 总任务原值 > 0
)
SELECT *
FROM 标准结果
WHERE 层级 = '城市战区'
  AND 达成率 < 10
ORDER BY 达成率 ASC, 剩余任务金额 DESC, 上级名称, 节点名称
LIMIT 200;","['风险节点', '城市战区']",95,0,,True,ui,2026-07-08 07:41:23.865975+00:00,2026-07-08 07:41:23.865975+00:00
