id,dataset_id,version,title,content,redline_rules,is_active,created_by,created_at,updated_at
166,63,1,苍梧品类脉络 - 业务口径与红线规则,"星澜商用事业群经营分析数据集（feishu_tbl_gamma_monthly_v2）为月度细分行业线事实表。该表支持按年份、月份、季度进行动态时间维度的销售指标穿透与同比（YoY）、环比（MoM）分析，同时支持按照区域和垂直行业两线进行业绩归类。

【核心指标定义】
1. 总任务金额（target_amount）：即年度/月度下发给各层级节点的销售指标目标，单位：元。在底层计算时需进行清洗以支持标准数值计算。
2. 开单金额（billing_amount）：截止当前月份累计开单销售额，对应原始字段 SellInAmount，单位：元。
3. 去年开单（billing_last_year）：去年同月度/时段累计实际开单金额，单位：元。用于零关联开销的同比（YoY）增速计算。
4. 达成率：开单金额 / 任务金额。计算时须使用聚合保护，即 CASE WHEN target_amount > 0 THEN billing_amount / target_amount ELSE 0 END。

【级联控制与层级树设计】
数据集中同时包含预存的父级汇总行（大盘行）与底层的销售个人细分明细行，多级层级平铺在同一张表里：
- 事业群级（Level 0）：AreaName/RegionName/BusinessManager 均为空。节点名称='商用事业群'，层级='事业群'。
- 战区/行业部级（Level 1）：AreaName 不为空，RegionName/BusinessManager 为空。例如'沧澜战区'（线='区域线'）或'食饮行业部'（线='行业线'）。
- 片区级（Level 2）：AreaName/RegionName 不为空，BusinessManager 为空。例如'云梦片区'。
- 客户经理级（Level 3）：BusinessManager 字段不为空。区域线下属客户经理挂载在片区（RegionName）下，行业线下属客户经理直接挂载在行业部（AreaName）下。

【细分板块控制与对账差额机制】
原始表中存在细分行业线明细行（IndustryLine 分别为食饮部、楼宇办公、工业健康）与大盘总额行（IndustryLine 为空）。在进行任何组织节点的大盘销售数据和任务量汇总时，必须且只能限制 行业线 = '总额(未拆分)'，以防止总盘数与分版块明细数进行二次求和引发指标翻倍赤字。当需要分析特定垂直行业线在各组织下的任务派发和开单走势时，必须过滤指定的行业线名称。由于销售任务或开单可能滞留在战区/片区等大盘公共池中（未完全切分派发给具体的销售经理），父级官方指标与下级明细累计总和之间通常存在合规的统计差异，智能问数系统必须直接利用预存好的父级汇总行作为唯一的官方口径（Truth of Source），杜绝通过自底向上无脑 GROUP BY 累加个人明细作为父级指标的错误逻辑。","['组织维度（事业群、战区、片区、客户经理）绝对不可跨级求和，执行任何聚合（SUM）操作时必须且只能锁定单一的‘层级’，以防上下级重复计算。', ""在未指明特定行业线细分的情况下，任何针对总任务、总开单、总达成率的查询，必须在 WHERE 子句中加入 行业线 = '总额(未拆分)' 过滤条件，彻底避免总额与细分明细混合相加导致的数据翻倍赤字。"", ""战区与行业部的语义隔离：当提问中仅出现“战区”（如：“各大区排名”、“战区达成率”）时，SQL 查询必须显式追加限制条件：层级 = '战区' AND 线 = '区域线'，禁止将行业行业部（如食饮行业部）混入物理战区报表。"", '除法零保护：计算达成率、同比、环比等比例指标时，必须嵌套 CASE WHEN 判定分母大于 0 或使用 NULLIF(分母, 0)，以防除以 0 导致数据库引擎崩溃报错。']",True,ui,2026-06-26 07:37:03.976592+00:00,2026-06-26 07:37:03.976592+00:00
167,13,1,云枢经营总览 LLD,"## 一、业务背景
消费者事业群年度任务达成分析，数据来源于飞书多维表格同步表 `public.feishu_tbl_alpha`，业务字段存储在 `fields` JSONB 中。

## 二、组织层级
- **消费者事业群总体**：事业群整体汇总数据
- **战区**：各战区层级
- **城市站**：各城市站层级

层级判断规则：
- 战区 IS NULL → 层级 = 消费者事业群总体
- 城市站 IS NULL → 层级 = 战区
- 否则 → 层级 = 城市站

## 三、核心指标
1. **总任务金额**：年度总任务目标（万元）
2. **年度开单金额**：年度累计实际开单（万元）
3. **达成率**：年度开单金额 / 总任务金额 * 100（%）
4. **剩余任务金额**：总任务金额 - 年度开单金额（万元）
5. **4条业务线任务与实际**：
   - 线下任务/线下开单
   - 新零售任务/新零售开单
   - 燃气定制任务/燃气定制开单
   - 地产任务/地产开单

## 四、统计口径
- 单位统一：万元
- 精度统一：2位小数
- 金额字段清洗：使用 regexp_replace 清理非数字字符
- JSONB字段兼容：使用 jsonb_typeof 判断数组/文本

## 五、红线规则
1. 只统计有任务金额的记录（总任务 > 0）
2. 统计上级层级时必须排除下级明细行
3. 多主体对比必须保留主体维度，禁止合并
4. 所有结论必须基于查询结果，禁止编造
5. 追问场景必须沿用上一轮口径与节点选择","['只统计总任务金额 > 0 的记录', '统计上级层级时排除下级明细行', '多主体对比必须保留主体维度', '所有结论必须基于查询结果，禁止编造', '追问场景必须沿用上一轮口径']",True,ui,2026-06-26 07:37:11.907836+00:00,2026-06-26 07:37:11.907836+00:00
262,3,1,商用事业群阶段一升级 LLD,"# 商用事业群智能问数 LLD

## 业务范围
星澜商用事业群 2026 年销售任务与年度开单分析。数据来自飞书多维表格落库表 `datapivot_core_data`，业务字段存放在 `fields` JSONB 中。

## 组织链路
- 区域链路：商用事业群 -> 战区 -> 片区 -> 客户经理。
- 行业链路：商用事业群 -> 食饮行业部/工业健康行业部/楼宇办公行业部 -> 客户经理。

## 指标
- 总任务金额：`fields->'总任务（金额）'` 清洗后转 NUMERIC。
- 年度开单金额：`fields->'年度开单金额'` 清洗后转 NUMERIC。
- 达成率：年度开单金额 / 总任务金额 * 100。
- 剩余任务金额：总任务金额 - 年度开单金额。

## 红线规则
1. 年份固定为 2026。
2. 统计片区时必须排除客户经理明细行。
3. 统计战区/行业部时必须排除片区与客户经理明细行。
4. 多主体对比不得合并主体。
5. 所有结论必须基于查询结果，禁止编造。

## 对话上下文和歧义确认
- 追问必须沿用上一轮数据集、主体、层级和过滤条件。
- 多数据集候选接近或实体名歧义时，必须触发智能确认。

## 底稿摘要
你是 Agent2（SQL生成专家），专门处理飞书多维表格落库到 PostgreSQL 的 JSONB 数据。
只允许输出只读 SQL（SELECT/WITH/SHOW），禁止增删改。

固定上下文：
1. 当前数据库：{database_name}（PostgreSQL）。
2. 仅使用 datapivot_core_data 表（字段 fields 为 JSONB）。
3. 年份口径固定：2026。

你是一个SQL专家，专门处理飞书多维表格数据。重要提示：
1. 当前连接的数据库是：{database_name} (PostgreSQL)
2. 只包含 datapivot_core_data 表，存储2026年的飞书多维表格数据
3. 字段存储格式为 JSONB，需要使用 jsonb_typeof 和 ->> 操作符
4. 金额字段需要使用 regexp_replace 清理非数字字符
5. 当查询涉及'当前年'、'最新年'等时间概念时，请使用 2026 年
6. 确保生成的 SQL 能正确处理 UNION ALL 查询
7. 所有查询都应该基于 datapivot_core_data 表
8. 生成只读SQL（SELECT/WITH/SHOW）
10. 使用适当的WHERE条件过滤数据


飞书多维表格 → PostgreSQL 智能SQL生成专家提示词（最终精修版）

适用场景：磐石业务域销售业绩分析、层级隔离取数、任务达成率/剩余任务统计
数据库：PostgreSQL | 主表：datapivot_core_data | 字段：fields (JSONB)
核心约束：全中文命名、层级数据隔离（统计上级时不含下级明细）、自动清洗金额、2026年过滤

一、系统角色

你是PostgreSQL 飞书多维表格数据专家。你只输出安全、规范、全中文的只读SQL。
强制逻辑：在统计片区、战区等上级组织时，必须通过排除下级字段（如 客户经理 IS NULL）来确保只取该组织自身的汇总行，严禁将个人明细行累加进组织汇总行，防止数据翻倍。

二、飞书 → PostgreSQL 中文映射
1. 原始字段映射 (JSONB key)

事业群 | 战区 | 片区 | 客户经理 | 当前年 | 总任务（金额） | 年度开单金额

2. 固定生成业务字段

线 (区域/行业) | 层级 (战区/片区/行业部/客户经理) | 节点名称 | 上级名称 | 总任务金额 | 年度开单金额 | 达成率 | 剩余任务金额

三、必须遵守的 13 条黄金规则

统一CTE结构：必须使用 WITH 字段提取 -> 基础数据 -> 维度汇总 结构；

格式兼容：使用 jsonb_typeof 判断，数组取 ->0->>'text'，文本直接取；

金额清洗：使用 regexp_replace(..., '[^0-9.-]', '', 'g') 清理杂质，空值赋0；

年份过滤：WHERE子句强制要求 当前年 = '2026'；

全中文环境：CTE名、别名、字段名、注释必须全部使用中文，禁止出现英文；

只读安全：仅限 SELECT，禁止增删改，必须加 LIMIT 10000；

指标算法：

达成率：ROUND(开单/任务 * 100, 2)，任务为0则为0；

剩余任务：ROUND(任务 - 开单, 2)；

线逻辑：战区 LIKE '%战区' 为区域线，LIKE '%行业部' 为行业线；

层级数据隔离（核心）：

统计片区时：必须满足 片区 <> '' AND (客户经理 IS NULL OR 客户经理 = '')；

统计战区/行业部时：必须满足 (片区 IS NULL OR 片区 = '') AND (客户经理 IS NULL OR 客户经理 = '')；

统计客户经理时：必须满足 客户经理 <> ''；

UNION ALL 顺序：按 片区 -> 战区 -> 客户经理 -> 行业部 -> 事业群 顺序合并；

沧澜战区筛选：统一使用 WHERE 上级名称 = '沧澜战区' OR 节点名称 = '沧澜战区'；

排序规范：默认按 线 DESC, 层级 DESC, 上级名称 排序；

空值处理：使用 COALESCE 和 NULLIF 确保数值计算不报错。

四、标准SQL示例（含层级隔离逻辑）
code
SQL
download
content_copy
expand_less
-- 示例：商用事业群全维度业绩分析（含层级隔离）
WITH 字段提取 AS (
    SELECT
        CASE WHEN jsonb_typeof(fields->'战区') = 'array' THEN fields->

## 阶段一升级说明
- Golden SQL 只保留少量标杆模板，用来说明字段口径和聚合方式，不作为答案库。
- 排名类问题必须走排名 SQL，不能被实体过滤误命中。
- SQL 返回 0 行时不能直接包装成正式报告，必须进入自检或口径提示。
- 当前目标是对比新版和旧版问数结果差异，不替换原数据集。","['年份固定2026', '层级隔离', '多主体保留主体维度', '禁止编造']",True,ui,2026-06-27 12:03:29.129775+00:00,2026-06-27 12:03:29.129775+00:00
334,62,1,电商事业群经营预算数据口径,"### 数据集：飞书电商事业群经营预算（2026）

#### 1. 数据基础规则
- 数据来自飞书多维表格同步表 feishu_tbl_beta，已展平为视图 v_feishu_tbl_beta。
- 4级树形分层：集团 → 电商事业群 → 行业部 → 细分业务。
- 分层汇总强约束：下级字段为空 = 当前层级独立汇总行，禁止自动汇总叠加下属明细数据；父行不等于子行之和。
  - 行业部、细分业务均为空：电商事业群本级汇总。
  - 行业部有值、细分业务为空：该行业部本级汇总。
  - 行业部、细分业务均有值：最小颗粒细分业务明细。
- 层级级别取值：事业群 / 行业部 / 客户经理。

#### 2. 核心字段语义
- 年度目标营收（总任务金额）：当年预算目标，单位元。
- 年度开单金额：当年实际开单/毛利金额，单位元。
- 总任务达成率 = 年度开单金额 / 年度目标营收。
- 年度阈值开单差额万：年度口径缺口，单位万。
- 月度阈值开单差额万：当月口径缺口，单位万。
- 本月开单金额 / 本月当前目标阈值：当前月实际与目标，单位元。
- q1目标-q4目标：四个季度目标，每季度固定25%。
- 组织路径：格式为“电商事业群;行业部;细分业务”。

#### 3. 分析约束
- 层级隔离：同层级才能对比/排名；不能把事业群汇总与细分业务行直接相加。
- 审批状态：事业群+三大行业部为“已审批”，细分业务为“待确认”。
- 金额保留2位小数，百分比保留2位小数。
- 所有SQL必须只读，只能查询视图 v_feishu_tbl_beta。",[],True,ui,2026-07-02 02:54:33.797427+00:00,2026-07-02 02:54:33.797427+00:00
368,2,1,云枢经营总览 LLD（标准版）,"# 飞书云枢经营总览 LLD（标准版）

## 1. 数据源与物理结构

数据源表为 `public.feishu_tbl_alpha`。表结构只有 6 个固定字段：`id`、`record_id`、`fields`、`created_time`、`updated_time`、`sync_time`。所有业务字段均在 `fields JSONB` 内部，AI 生成 SQL 时不能把业务字段当成物理列直接引用。

## 2. 字段访问红线

- 取字符串：`fields ->> '字段名'`
- 转数字：`COALESCE(NULLIF(regexp_replace(fields ->> '字段名', '[^0-9.-]', '', 'g'), ''), '0')::NUMERIC`
- 字段名必须原样照搬，包括中文、括号、竖线、特殊符号。
- 禁止直接写 `""层级级别""`、`""战区""`、`""年度开单金额""` 这类物理列引用；这些都是 `fields` 内部字段。

## 3. 组织层级规则

事业群总体：`战区` 为空。
战区：`战区` 有值且 `城市战区` 为空。
城市战区：`战区` 有值且 `城市战区` 有值。

SQL 必须投影标准列：

| 标准列 | 生成规则 |
| --- | --- |
| 线 | 固定为 `消费者事业群` |
| 层级 | `消费者事业群总体` / `战区` / `城市战区` |
| 节点名称 | 总体显示 `消费者事业群`，战区层显示战区，城市战区层显示 `城市战区` |
| 上级名称 | 总体为空，战区上级为 `消费者事业群`，城市战区层上级为所属战区 |

## 4. 指标口径

标准金额列统一输出为元。总任务来自 `总任务（金额）`，实际开单来自 `年度开单金额`，达成率优先按 `年度开单金额 / 总任务（金额） * 100` 计算；若总任务为 0，再参考 `总任务达成率` 原始字段。四条业务线包括：线下、新零售、燃气定制、地产；其中业务线原字段里带 `（万）` / `万元` 的列是万元口径，若投影到标准金额列，必须先换算为元再输出。

## 5. 查询与报告原则

用户问“消费者事业群业绩”时，需要返回事业群总体、各战区、各城市战区三层数据；用户问某个战区时，需要返回该战区以及下属城市战区；用户问排名/最低/最高时，优先在同一层级内比较，不混合总体、战区和城市战区。

## 6. 完整 fields 数据字典

| 字段名 | 字段含义 | 类型 | SQL 访问 |
| --- | --- | --- | --- |
| 2601 | 1季度金额 | 字符串（带¥） | `fields ->> '2601'` |
| 2602 | 2季度金额 | 字符串（带¥） | `fields ->> '2602'` |
| 2603 | 3季度金额 | 字符串（带¥） | `fields ->> '2603'` |
| 2604 | 4季度金额 | 字符串（带¥） | `fields ->> '2604'` |
| 1季度比例 | 1季度占比 | 字符串（带%） | `fields ->> '1季度比例'` |
| 2季度比例 | 2季度占比 | 字符串（带%） | `fields ->> '2季度比例'` |
| 3季度比例 | 3季度占比 | 字符串（带%） | `fields ->> '3季度比例'` |
| 4季度比例 | 4季度占比 | 字符串（带%） | `fields ->> '4季度比例'` |
| aaa | 备用字段 | 字符串 | `fields ->> 'aaa'` |
| 客户经理已分配金额-楼宇办公 | 客户经理楼宇办公分配金额 | 数字 | `fields ->> '客户经理已分配金额-楼宇办公'` |
| 客户经理已分配金额-工业健康 | 客户经理工业健康分配金额 | 数字 | `fields ->> '客户经理已分配金额-工业健康'` |
| 客户经理已分配金额-食饮部 | 客户经理食饮部分配金额 | 数字 | `fields ->> '客户经理已分配金额-食饮部'` |
| 客户经理父级已审批金额-楼宇办公 | 父级审批-楼宇办公 | 数字 | `fields ->> '客户经理父级已审批金额-楼宇办公'` |
| 客户经理父级已审批金额-工业健康 | 父级审批-工业健康 | 数字 | `fields ->> '客户经理父级已审批金额-工业健康'` |
| 客户经理父级已审批金额-食饮部 | 父级审批-食饮部 | 数字 | `fields ->> '客户经理父级已审批金额-食饮部'` |
| 事业群 | 事业群名称 | 字符串 | `fields ->> '事业群'` |
| 事业群下派战区总任务金额 | 事业群下派任务金额 | 数字 | `fields ->> '事业群下派战区总任务金额'` |
| 事业群剩余未分配金额 | 剩余未分配金额 | 字符串（带¥/-） | `fields ->> '事业群剩余未分配金额'` |
| 片区下派客户经理总任务金额 | 片区下派金额 | 字符串（带¥） | `fields ->> '片区下派客户经理总任务金额'` |
| 任务维护人 | 任务负责人 | 字符串 | `fields ->> '任务维护人'` |
| 公式 | 计算系数 | 数字字符串 | `fields ->> '公式'` |
| 战区 | 战区名称 | 字符串 | `fields ->> '战区'` |
| 战区下派片区总任务金额 | 战区下派金额 | 数字 | `fields ->> '战区下派片区总任务金额'` |
| 战区已分配金额-新零售 | 战区新零售分配 | 数字 | `fields ->> '战区已分配金额-新零售'` |
| 战区已分配金额-燃气定制 | 战区燃气定制分配 | 数字 | `fields ->> '战区已分配金额-燃气定制'` |
| 战区已分配金额-线下 | 战区线下分配 | 数字 | `fields ->> '战区已分配金额-线下'` |
| 战区总任务金额 | 战区总任务 | 字符串（带¥） | `fields ->> '战区总任务金额'` |
| 创建人 | 创建人姓名 | 字符串 | `fields ->> '创建人'` |
| 剩余分配百分比 | 剩余分配比例 | 字符串（带%） | `fields ->> '剩余分配百分比'` |
| 地产 | 地产板块金额 | 数字 | `fields ->> '地产'` |
| 地产-年度开单金额 | 地产年度开单 | 数字 | `fields ->> '地产-年度开单金额'` |
| 地产-年度开单金额（万） | 地产年度开单(万) | 字符串 | `fields ->> '地产-年度开单金额（万）'` |
| 地产（万） | 地产金额(万) | 字符串 | `fields ->> '地产（万）'` |
| 城市战区 | 城市战区名称 | 字符串 | `fields ->> '城市战区'` |
| 城市站已分配金额-新零售 | 城市站新零售 | 数字 | `fields ->> '城市站已分配金额-新零售'` |
| 城市站已分配金额-燃气定制 | 城市站燃气定制 | 数字 | `fields ->> '城市站已分配金额-燃气定制'` |
| 城市站已分配金额-线下 | 城市站线下 | 数字 | `fields ->> '城市站已分配金额-线下'` |
| 城市站父级已审批金额-新零售 | 城市站父审批新零售 | 数字 | `fields ->> '城市站父级已审批金额-新零售'` |
| 城市站父级已审批金额-燃气定制 | 城市站父审批燃气定制 | 数字 | `fields ->> '城市站父级已审批金额-燃气定制'` |
| 城市站父级已审批金额-线下 | 城市站父审批线下 | 数字 | `fields ->> '城市站父级已审批金额-线下'` |
| 层级级别 | 层级：事业群/战区 | 字符串 | `fields ->> '层级级别'` |
| 年度开单金额 | 年度累计开单金额 | 数字 | `fields ->> '年度开单金额'` |
| 年度开单金额转换（以万为单位） | 年度开单(万) | 字符串 | `fields ->> '年度开单金额转换（以万为单位）'` |
| 年度阈值|开单差额（万） | 年度差额(万) | 字符串 | `fields ->> '年度阈值|开单差额（万）'` |
| 当前年 | 当前年份 | 数字 | `fields ->> '当前年'` |
| 当前日期 | 当前日 | 数字 | `fields ->> '当前日期'` |
| 当前月 | 当前月 | 数字 | `fields ->> '当前月'` |
| 当前月份任务达成率 | 月达成率 | 字符串 | `fields ->> '当前月份任务达成率'` |
| 当前月最后一天 | 当月天数 | 数字 | `fields ->> '当前月最后一天'` |
| 总任务承接人 | 总任务负责人 | 字符串 | `fields ->> '总任务承接人'` |
| 总任务达成率 | 总达成率 | 字符串 | `fields ->> '总任务达成率'` |
| 总任务（金额） | 总任务金额 | 数字 | `fields ->> '总任务（金额）'` |
| 总金额转换（以万为单位） | 总任务(万) | 字符串 | `fields ->> '总金额转换（以万为单位）'` |
| 总额的待分配任务（金额） | 待分配金额 | 字符串 | `fields ->> '总额的待分配任务（金额）'` |
| 截止当前目标阈值 | 目标阈值 | 数字 | `fields ->> '截止当前目标阈值'` |
| 截止当前目标阈值达成率 | 阈值达成率 | 字符串 | `fields ->> '截止当前目标阈值达成率'` |
| 截止当前目标阈值（万） | 目标阈值(万) | 字符串 | `fields ->> '截止当前目标阈值（万）'` |
| 截止当天累计目标阈值 | 累计阈值 | 数字 | `fields ->> '截止当天累计目标阈值'` |
| 截止当天累计目标阈值（万） | 累计阈值(万) | 字符串 | `fields ->> '截止当天累计目标阈值（万）'` |
| 拒绝按钮 | 按钮状态 | 字符串 | `fields ->> '拒绝按钮'` |
| 新零售 | 新零售金额 | 数字 | `fields ->> '新零售'` |
| 新零售-年度开单金额 | 新零售年度开单 | 数字 | `fields ->> '新零售-年度开单金额'` |
| 新零售-年度开单金额（万） | 新零售年度开单(万) | 字符串 | `fields ->> '新零售-年度开单金额（万）'` |
| 新零售（万） | 新零售(万) | 字符串 | `fields ->> '新零售（万）'` |
| 月度阈值|开单差额（万） | 月度差额 | 字符串 | `fields ->> '月度阈值|开单差额（万）'` |
| 本月开单金额 | 当月开单 | 数字 | `fields ->> '本月开单金额'` |
| 本月开单金额（万） | 当月开单(万) | 字符串 | `fields ->> '本月开单金额（万）'` |
| 本月当前目标阈值 | 月度目标 | 字符串 | `fields ->> '本月当前目标阈值'` |
| 本月当前目标阈值（万） | 月度目标(万) | 字符串 | `fields ->> '本月当前目标阈值（万）'` |
| 本月总目标（万） | 月度总目标 | 字符串 | `fields ->> '本月总目标（万）'` |
| 燃气定制 | 燃气定制金额 | 数字 | `fields ->> '燃气定制'` |
| 燃气定制-年度开单金额 | 燃气年度开单 | 数字 | `fields ->> '燃气定制-年度开单金额'` |
| 燃气定制-年度开单金额（万） | 燃气年度开单(万) | 字符串 | `fields ->> '燃气定制-年度开单金额（万）'` |
| 燃气定制（万） | 燃气(万) | 字符串 | `fields ->> '燃气定制（万）'` |
| 父级已审批金额-新零售 | 父审批新零售 | 数字 | `fields ->> '父级已审批金额-新零售'` |
| 父级已审批金额-燃气定制 | 父审批燃气 | 数字 | `fields ->> '父级已审批金额-燃气定制'` |
| 父级已审批金额-线下 | 父审批线下 | 数字 | `fields ->> '父级已审批金额-线下'` |
| 父级引用 | 父级引用编号 | 字符串 | `fields ->> '父级引用'` |
| 状态 | 审批状态：已审批/待确认 | 字符串 | `fields ->> '状态'` |
| 确认按钮 | 按钮状态 | 字符串 | `fields ->> '确认按钮'` |
| 线下 | 线下金额 | 数字 | `fields ->> '线下'` |
| 线下-年度开单金额 | 线下年度开单 | 数字 | `fields ->> '线下-年度开单金额'` |
| 线下-年度开单金额（万） | 线下年度开单(万) | 字符串 | `fields ->> '线下-年度开单金额（万）'` |
| 线下（万） | 线下(万) | 字符串 | `fields ->> '线下（万）'` |
| 经营主体 | 经营主体 | 字符串 | `fields ->> '经营主体'` |
| 编号 | 单据编号 | 数字 | `fields ->> '编号'` |
| 行业线已分配金额-新零售 | 行业线新零售 | 数字 | `fields ->> '行业线已分配金额-新零售'` |
| 行业线已分配金额-燃气定制 | 行业线燃气 | 数字 | `fields ->> '行业线已分配金额-燃气定制'` |
| 行业线已分配金额-线下 | 行业线线下 | 数字 | `fields ->> '行业线已分配金额-线下'` |
| 行业线父级已审批金额-新零售 | 行业线父审批新零售 | 数字 | `fields ->> '行业线父级已审批金额-新零售'` |
| 行业线父级已审批金额-燃气定制 | 行业线父审批燃气 | 数字 | `fields ->> '行业线父级已审批金额-燃气定制'` |
| 行业线父级已审批金额-线下 | 行业线父审批线下 | 数字 | `fields ->> '行业线父级已审批金额-线下'` |
| 链接字段(勿删) | 组织关联字段 | 数组 | `fields ->> '链接字段(勿删)'` |","['业务字段必须通过 fields JSONB 读取', '不得直接引用不存在的物理列', '整体问题必须返回三级层级数据', '标准金额列统一输出元，达成率统一 0-100 数字']",True,ui,2026-07-08 07:41:23.865975+00:00,2026-07-08 07:41:23.865975+00:00
